Date,DXY,VIX
2020-04-10,,
2020-04-11,,
2020-04-12,,
2020-04-13,,
2020-04-14,-0.004550447991019135,-0.08645949447997496
2020-04-15,0.0060593509836273166,0.0784117002063237
2020-04-16,0.006152739716833595,-0.018036302033797233
2020-04-17,-0.002640846034164096,-0.0500998972716128
2020-04-18,0.0,0.0
2020-04-19,0.0,0.0
2020-04-20,0.0022211793896843223,0.13879275847971348
2020-04-21,0.003153210616745401,0.035413785542628626
2020-04-22,0.0015330793964045532,-0.07853903826147382
2020-04-23,6.966755752388606e-05,-0.014395605358408076
2020-04-24,-0.0010051854944222156,-0.14122508851070348
2020-04-25,0.0,0.0
2020-04-26,0.0,0.0
2020-04-27,-0.0033610594477862443,-0.07631553053054217
2020-04-28,-0.0016297679027976568,0.008375722812708732
2020-04-29,-0.0029061432268150055,-0.07225364526404565
2020-04-30,-0.006201168735648097,0.08938347406129576
2020-05-01,0.000726788742222755,0.0852772403121617
2020-05-02,0.0,0.0
2020-05-03,0.0,0.0
2020-05-04,0.004701371936545562,-0.033354579366393466
2020-05-05,0.0019565618119052742,-0.06786163174739818
2020-05-06,0.0037419181862825674,0.015060031421976575
2020-05-07,-0.0022995516791246224,-0.08180270677123987
2020-05-08,-0.0013722405132014074,-0.11659103167062464
2020-05-09,0.0,0.0
2020-05-10,0.0,0.0
2020-05-11,0.005009028375906402,-0.014761738910366265
2020-05-12,-0.0031364120741784775,0.1809907623958621
2020-05-13,0.003345861803034208,0.06559722017571892
2020-05-14,0.0021514506800135633,-0.07869718802023445
2020-05-15,-0.0007266379563588968,-0.02232654663523826
2020-05-16,0.0,0.0
2020-05-17,0.0,0.0
2020-05-18,-0.00752569186706984,-0.0847049718985565
2020-05-19,-0.003165108833741563,0.041122339253499486
2020-05-20,-0.002327396669363088,-0.08686253388754123
2020-05-21,0.0026997139263463905,0.053559423658212896
2020-05-22,0.0048672701421025675,-0.04750419313706584
2020-05-23,0.0,0.0
2020-05-24,0.0,0.0
2020-05-25,0.0,0.0
2020-05-26,-0.009879676974426923,-0.005340928427787403
2020-05-27,0.001535637383630607,-0.014021419077315479
2020-05-28,-0.0069492961448245575,0.03451683330519279
2020-05-29,-0.0003151619815542571,-0.03850742841489383
2020-05-30,0.0,0.0
2020-05-31,0.0,0.0
2020-06-01,-0.0053120134990580735,0.025835642793460324
2020-06-02,-0.0016472680161675665,-0.0504919082613202
2020-06-03,-0.004104233159273561,-0.044959964547610816
2020-06-04,-0.006208945499454715,0.005828639797671805
2020-06-05,0.002737895767329606,-0.05127286330163272
2020-06-06,0.0,0.0
2020-06-07,0.0,0.0
2020-06-08,-0.003244929869563392,0.05127286330163285
2020-06-09,-0.0029752165191915215,0.06596622092794538
2020-06-10,-0.00385916404712209,0.0
2020-06-11,0.00818942330359817,0.39170876180778363
2020-06-12,0.00583376451781161,-0.12242115289168394
2020-06-13,0.0,0.0
2020-06-14,0.0,0.0
2020-06-15,-0.003366262540983203,-0.0479592141463831
2020-06-16,-0.0004641115852234589,-0.02144942994569364
2020-06-17,0.0021743805067133293,-0.005957627095808134
2020-06-18,0.0026318414646814706,-0.01596186863598208
2020-06-19,0.0018156192495016605,0.06408305529479859
2020-06-20,0.0,0.0
2020-06-21,0.0,0.0
2020-06-22,-0.006085511900586391,-0.10024827566350966
2020-06-23,-0.0038947624491996306,-0.012670413734777106
2020-06-24,0.005378398044505411,0.07579149029179619
2020-06-25,0.0026630355278741903,-0.04905612361179041
2020-06-26,0.0001642658875422425,0.07501643794001076
2020-06-27,0.0,0.0
2020-06-28,0.0,0.0
2020-06-29,0.0009953580532699935,-0.08876667086055672
2020-06-30,-0.0015601792072792555,-0.04340820877712465
2020-07-01,-0.0019948207817264154,-0.06132317048603611
2020-07-02,0.0015016636114967387,-0.03339566167701841
2020-07-03,0.0,0.0
2020-07-04,0.0,0.0
2020-07-05,0.0,0.0
2020-07-06,-0.006382058133736612,0.009349231168656014
2020-07-07,0.001622539344838405,0.051955199671667306
2020-07-08,-0.004875616527743869,-0.046956996174339384
2020-07-09,0.0031599563869364813,0.041163826973734635
2020-07-10,-0.0006104715918681872,-0.0697010351459887
2020-07-11,0.0,0.0
2020-07-12,0.0,0.0
2020-07-13,-0.0021448527980696664,0.16513543438034217
2020-07-14,-0.0020766613201968725,-0.08658778740950648
2020-07-15,-0.0017477534869154473,-0.06147187135554428
2020-07-16,0.002911227758285206,0.008608366291577263
2020-07-17,-0.00447433012295529,-0.08649201946965146
2020-07-18,0.0,0.0
2020-07-19,0.0,0.0
2020-07-20,-0.0012208720372825941,-0.04867339787609937
2020-07-21,-0.007462154318216586,0.01541617037865467
2020-07-22,-0.0013684643946182534,-0.021156218658487835
2020-07-23,-0.0029644468241236347,0.06986968958345077
2020-07-24,-0.0028461770874022544,-0.009245049313565495
2020-07-25,0.0,0.0
2020-07-26,0.0,0.0
2020-07-27,-0.00813855296212931,-0.04350232710665229
2020-07-28,0.0003418238638154707,0.027901401751899087
2020-07-29,-0.002298537614696506,-0.054110903139523485
2020-07-30,-0.004537598945378873,0.027017600735182976
2020-07-31,0.003348862217339275,-0.0121903642309584
2020-08-01,0.0,0.0
2020-08-02,0.0,0.0
2020-08-03,0.001991186516061789,-0.007386098357863181
2020-08-04,-0.001380586469163785,-0.02164949034407163
2020-08-05,-0.0056704824378665175,-0.03294417530814074
2020-08-06,-0.000883542969195814,-0.014899493732264915
2020-08-07,0.006918115686357298,-0.019617238402179573
2020-08-08,0.0,0.0
2020-08-09,0.0,0.0
2020-08-10,0.0016792905717836037,-0.003608480544858315
2020-08-11,0.0003312325275677388,0.08236896218281374
2020-08-12,-0.0020534032207094703,-0.07561363244488703
2020-08-13,-0.000974650384482268,-0.0067553297379267675
2020-08-14,-0.0024892691877600186,-0.003621548847649006
2020-08-15,0.0,0.0
2020-08-16,0.0,0.0
2020-08-17,-0.002560065974698609,-0.03226080975035776
2020-08-18,-0.006353110167508153,0.007466196378288464
2020-08-19,0.006708439572076147,0.04677359530916762
2020-08-20,-0.0010987664127153215,0.007954014401352488
2020-08-21,0.004967249850837759,-0.007954014401352563
2020-08-22,0.0,0.0
2020-08-23,0.0,0.0
2020-08-24,0.0005254260986549279,-0.007570736211465015
2020-08-25,-0.0028984741764804057,-0.01531562103515096
2020-08-26,-0.0002472380755289761,0.054759805003130275
2020-08-27,-5.381970596706133e-05,0.050282852407834186
2020-08-28,-0.006603029092471114,-0.06369431781739188
2020-08-29,0.0,0.0
2020-08-30,0.0,0.0
2020-08-31,-0.002688214789057475,0.13998918895490434
2020-09-01,0.0022334645933420882,-0.011041383993239473
2020-09-02,0.005368041948242867,0.01708141174784904
2020-09-03,-0.0010885333496430112,0.23474327327010022
2020-09-04,-0.0001509818036885027,-0.08863602730356801
2020-09-05,0.0,0.0
2020-09-06,0.0,0.0
2020-09-07,0.0,0.0
2020-09-08,0.007756808422612807,0.022826874276290363
2020-09-09,-0.0019603609104147657,-0.087994337969611
2020-09-10,0.0007824475058256671,0.030761128099848593
2020-09-11,-0.00011788403886662857,-0.10047320479855545
2020-09-12,0.0,0.0
2020-09-13,0.0,0.0
2020-09-14,-0.004381607662956769,-0.03869983814901202
2020-09-15,0.0018602081684048215,-0.010108959576996254
2020-09-16,0.0015672701383458631,0.01743219636437699
2020-09-17,-0.0028141912359829773,0.016000271587512268
2020-09-18,-0.00018285498231047993,-0.024097519932326495
2020-09-19,0.0,0.0
2020-09-20,0.0,0.0
2020-09-21,0.007844128421122008,0.07277975788940454
2020-09-22,0.0035588325504373472,-0.0336781482249285
2020-09-23,0.004510257034896578,0.06206895601370426
2020-09-24,-0.0005190042491346123,-0.0024522588795285157
2020-09-25,0.003046417761987171,-0.07764879547678227
2020-09-26,0.0,0.0
2020-09-27,0.0,0.0
2020-09-28,-0.00402148079419851,-0.007228436564641337
2020-09-29,-0.003984513420923054,0.003049942211505981
2020-09-30,0.0,0.0037994110677157717
2020-10-01,-0.0017582378871977623,0.01243656179021089
2020-10-02,0.0015665241444719697,0.03423851458061793
2020-10-03,0.0,0.0
2020-10-04,0.0,0.0
2020-10-05,-0.0038836075066529057,0.011872776060093631
2020-10-06,0.0021251135976024012,0.05293716717176936
2020-10-07,-0.0007043131880270114,-0.049366996151583034
2020-10-08,-0.00032028419875742485,-0.062497322852846836
2020-10-09,-0.0062449005905069075,-0.05297190792056515
2020-10-10,0.0,0.0
2020-10-11,0.0,0.0
2020-10-12,0.0004189079415793396,0.0027960751290542016
2020-10-13,0.004629314282704478,0.03911331624214154
2020-10-14,-0.0018191977061466577,0.012578779463263242
2020-10-15,0.005319684713019259,0.021361115989374953
2020-10-16,-0.001972855497880905,0.016182793055790443
2020-10-17,0.0,0.0
2020-10-18,0.0,0.0
2020-10-19,-0.002672255023689993,0.06257564880520325
2020-10-20,-0.004054041859227422,0.005809005718342171
2020-10-21,-0.004869424922391019,-0.02413912942544642
2020-10-22,0.0039339560423035025,-0.019028023214514696
2020-10-23,-0.002142881054616487,-0.02012289872538824
2020-10-24,0.0,0.0
2020-10-25,0.0,0.0
2020-10-26,0.003003078872751247,0.1640060259756381
2020-10-27,-0.001258226069112474,0.027049192726482263
2020-10-28,0.005173404041172332,0.18879731093678007
2020-10-29,0.006062379808419331,-0.06911697590956647
2020-10-30,0.0006914454918564187,0.011374287465003755
2020-10-31,0.0,0.0
2020-11-01,0.0,0.0
2020-11-02,0.0010946222469524049,-0.02368705214446384
2020-11-03,-0.006233195669908062,-0.04348516216767041
2020-11-04,-0.0015937709784326055,-0.18417981124429092
2020-11-05,-0.009627554644523906,-0.06966945394505564
2020-11-06,-0.00315036306090721,-0.10383075896476188
2020-11-07,0.0,0.0
2020-11-08,0.0,0.0
2020-11-09,0.005299005343218641,0.0351745164756294
2020-11-10,0.0002265150755960626,-0.03759100470249673
2020-11-11,0.0031007993282590037,-0.05597309498022908
2020-11-12,-0.000731269978061614,0.07790821765828819
2020-11-13,-0.0022185752190303073,-0.09294611104371886
2020-11-14,0.0,0.0
2020-11-15,0.0,0.0
2020-11-16,-0.0012946678727158152,-0.02854198586938602
2020-11-17,-0.002507671818671139,0.01151466763142195
2020-11-18,-0.0009420831886027631,0.04855953279402306
2020-11-19,-0.0002925369416945376,-0.031099397900646572
2020-11-20,0.0012020866311117867,0.025209629635621903
2020-11-21,0.0,0.0
2020-11-22,0.0,0.0
2020-11-23,0.0010709848863715188,-0.04487383146656208
2020-11-24,-0.0029667731679252182,-0.04605782309256614
2020-11-25,-0.0027580593242549265,-0.018186530403068956
2020-11-26,0.0,0.0
2020-11-27,-0.0017957626184490955,-0.01948267116338398
2020-11-28,0.0,0.0
2020-11-29,0.0,0.0
2020-11-30,0.000620706930408784,-0.0130405353781403
2020-12-01,-0.0061260287392533985,0.009675971098775943
2020-12-02,-0.0019954747712827665,0.019075428822967075
2020-12-03,-0.0043666020451018665,0.005182607989974634
2020-12-04,-0.00026461397257294137,-0.023295550833789355
2020-12-05,0.0,0.0
2020-12-06,0.0,0.0
2020-12-07,0.0010469435537876668,0.02423489098979527
2020-12-08,0.0019696727898954386,-0.029539972499347485
2020-12-09,0.001263358921228097,0.07407343742717004
2020-12-10,-0.0028916584302448242,0.011163321774025342
2020-12-11,0.0016502729431358085,0.0344786065380977
2020-12-12,0.0,0.0
2020-12-13,0.0,0.0
2020-12-14,-0.0026306794747322747,0.05873017467599678
2020-12-15,-0.0035553336188742972,-0.07691249751264309
2020-12-16,-0.0005531446302733091,-0.01718479808955007
2020-12-17,-0.006862923665737498,-0.025659732864673365
2020-12-18,0.0023596304085209555,-0.01655213009279471
2020-12-19,0.0,0.0
2020-12-20,0.0,0.0
2020-12-21,-4.452904492504725e-05,0.1539519795146319
2020-12-22,0.006615167348694759,-0.03766390983153792
2020-12-23,-0.002277692885894721,-0.038709085799429485
2020-12-24,-0.0009966924765024952,-0.07943508686780049
2020-12-25,0.0,0.0
2020-12-26,0.0,0.0
2020-12-27,0.0,0.0
2020-12-28,0.0002769868530943851,0.007864952436142986
2020-12-29,-0.003962448306385279,0.06165414262935506
2020-12-30,-0.002996067112448673,-0.013522538154813975
2020-12-31,0.0027290985473872997,-0.0008787547824950818
2021-01-01,0.0,0.0
2021-01-02,0.0,0.0
2021-01-03,0.0,0.0
2021-01-04,-0.0005451902294534929,0.1701599662950751
2021-01-05,-0.004864666940240482,-0.062340930777420096
2021-01-06,0.0010396490999516528,-0.010712280917359632
2021-01-07,0.0032237925219583924,-0.11395108697919597
2021-01-08,0.0030801977600926054,-0.03688109174802423
2021-01-09,0.0,0.0
2021-01-10,0.0,0.0
2021-01-11,0.004143826713900963,0.11054189600223238
2021-01-12,-0.004188214192539332,-0.03164153450913615
2021-01-13,0.0029933462758852387,-0.0491974860781978
2021-01-14,-0.0013182384370643624,0.045762535348432325
2021-01-15,0.005956855330222307,0.04581596179503342
2021-01-16,0.0,0.0
2021-01-17,0.0,0.0
2021-01-18,0.0,0.0
2021-01-19,-0.0030679258680345496,-0.04624617169330436
2021-01-20,-7.732907569086902e-05,-0.07410796584050658
2021-01-21,-0.003787495583736194,-0.012121371311005128
2021-01-22,0.0009426590170070404,0.027297561659488975
2021-01-23,0.0,0.0
2021-01-24,0.0,0.0
2021-01-25,0.0017831287899766908,0.05677802765401989
2021-01-26,-0.002492769107088816,-0.007357751117878455
2021-01-27,0.0054428167161668,0.4802140945749818
2021-01-28,-0.0023526930163071795,-0.20840455266105468
2021-01-29,0.0015690768682746828,0.0910581614516798
2021-01-30,0.0,0.0
2021-01-31,0.0,0.0
2021-02-01,0.004472732887796241,-0.09006558280233154
2021-02-02,0.0023495818419915753,-0.16813693512742764
2021-02-03,-0.0004497207438898074,-0.10945511880997491
2021-02-04,0.004072903127888285,-0.051040593531359875
2021-02-05,-0.005346423375247283,-0.0422201349721882
2021-02-06,0.0,0.0
2021-02-07,0.0,0.0
2021-02-08,-0.0012420814303448467,0.01757342429621931
2021-02-09,-0.0054039642826724495,0.018195015567699823
2021-02-10,-0.0007301417661055709,0.016506592992762147
2021-02-11,0.0005532045488661616,-0.03423089878779304
2021-02-12,0.0006302328843533694,-0.062125782326553906
2021-02-13,0.0,0.0
2021-02-14,0.0,0.0
2021-02-15,0.0,0.0
2021-02-16,0.00036466358839405076,0.07195958149664121
2021-02-17,0.004915901217732491,0.0018622405931039336
2021-02-18,-0.0038446861296789294,0.045017820660557956
2021-02-19,-0.0026193161096673095,-0.019758188501749405
2021-02-20,0.0,0.0
2021-02-21,0.0,0.0
2021-02-22,-0.004036314836327114,0.06155796013459353
2021-02-23,0.0018649391775183708,-0.014605076730018152
2021-02-24,3.3252766593310104e-05,-0.07968219767307105
2021-02-25,-0.0003881870507758814,0.30291224032747205
2021-02-26,0.008253433256982665,-0.03307826645371294
2021-02-27,0.0,0.0
2021-02-28,0.0,0.0
2021-03-01,0.0016930634633284785,-0.17982022644574983
2021-03-02,-0.002705909406979094,0.031614855873289195
2021-03-03,0.0016727979750609523,0.10132748472935964
2021-03-04,0.007689519615382643,0.06881786450640696
2021-03-05,0.0037683772085246986,-0.14717471401246487
2021-03-06,0.0,0.0
2021-03-07,0.0,0.0
2021-03-08,0.0037325814769699353,0.0323187704838435
2021-03-09,-0.004015271469876342,-0.05819818370948532
2021-03-10,-0.001479868356338047,-0.06312467536579736
2021-03-11,-0.004474906315872479,-0.029235256314019607
2021-03-12,0.0028400654306070805,-0.057292629073265676
2021-03-13,0.0,0.0
2021-03-14,0.0,0.0
2021-03-15,0.0018961044512214276,-0.03241933361122549
2021-03-16,0.0003047904443967602,-0.012054378081987694
2021-03-17,-0.004855037302160745,-0.028705270080567794
2021-03-18,0.004746253554179577,0.11529542049856295
2021-03-19,0.0005984962059071506,-0.029628273509284025
2021-03-20,0.0,0.0
2021-03-21,0.0,0.0
2021-03-22,-0.0020037001785871288,-0.10403556651887166
2021-03-23,0.006583862121378759,0.07251773219808452
2021-03-24,0.001979680739955688,0.04338036920115944
2021-03-25,0.0031938311027489077,-0.06781438391420826
2021-03-26,-0.0005495107774231867,-0.04914352418393228
2021-03-27,0.0,0.0
2021-03-28,0.0,0.0
2021-03-29,0.0019490533128222929,0.09502088219807715
2021-03-30,0.003918877049302021,-0.05602452043285265
2021-03-31,-0.0009112398968229092,-0.0107666249268658
2021-04-01,-0.003104490732677632,-0.1128339470808001
2021-04-02,0.0,0.0
2021-04-03,0.0,0.0
2021-04-04,0.0,0.0
2021-04-05,0.0011183337076230762,0.03292010822782251
2021-04-06,-0.0075837117904005566,0.011657139377224394
2021-04-07,0.0013418522684462892,-0.05443526176239321
2021-04-08,-0.004367598720745095,-0.01231320633011249
2021-04-09,0.000987938092710248,-0.015458109165233273
2021-04-10,0.0,0.0
2021-04-11,0.0,0.0
2021-04-12,-0.0001736963895803718,0.013095384214556818
2021-04-13,-0.0032610353926320803,-0.015494960371601146
2021-04-14,-0.0018526598218627838,0.020214728696920783
2021-04-15,-0.0006111274584048248,-0.025031109191174968
2021-04-16,-0.0008080006074524623,-0.0195009042453573
2021-04-17,0.0,0.0
2021-04-18,0.0,0.0
2021-04-19,-0.005410877323077553,0.06203544387071455
2021-04-20,0.0019420374369076188,0.07732509649126852
2021-04-21,-0.0010748161264724076,-0.06525256820826132
2021-04-22,0.0021047017469086374,0.06685721042401424
2021-04-23,-0.005292088205080336,-0.07661899202838841
2021-04-24,0.0,0.0
2021-04-25,0.0,0.0
2021-04-26,-0.0006496909617730854,0.017729916653121687
2021-04-27,0.0012329861256975808,-0.004545458184549777
2021-04-28,-0.003294996734614694,-0.016073754681327553
2021-04-29,0.0,0.018917154055148863
2021-04-30,0.007445136775959946,0.055232146283638574
2021-05-01,0.0,0.0
2021-05-02,0.0,0.0
2021-05-03,-0.0037651014865755475,-0.016251773932244876
2021-05-04,0.0038199359971231818,0.06194094519634577
2021-05-05,0.00019716206212812352,-0.017085579008662154
2021-05-06,-0.003918176825014498,-0.04049569027965366
2021-05-07,-0.007949096679705576,-0.09699723575450897
2021-05-08,0.0,0.0
2021-05-09,0.0,0.0
2021-05-10,-0.00034374376541655114,0.1637763372852811
2021-05-11,-0.0006765831128151588,0.10515705090564602
2021-05-12,0.006216451273454182,0.233710235896416
2021-05-13,0.0005402197420246822,-0.17632295379972707
2021-05-14,-0.0046063920621657855,-0.20674182503929742
2021-05-15,0.0,0.0
2021-05-16,0.0,0.0
2021-05-17,-0.0019505991260046298,0.04724469943401588
2021-05-18,-0.004536434346800153,0.07894993866919349
2021-05-19,0.005079913379818364,0.038607742657343125
2021-05-20,-0.004400390719383922,-0.07050761829654915
2021-05-21,0.002335919747584445,-0.02547910792353214
2021-05-22,0.0,0.0
2021-05-23,0.0,0.0
2021-05-24,-0.0018571739775830448,-0.09085362557830234
2021-05-25,-0.0023402670728164383,0.023631633364472257
2021-05-26,0.004475181785151819,-0.0818135328566583
2021-05-27,-0.0007889276546491248,-0.03636769300212449
2021-05-28,0.00037784057103889206,0.0011940573217919478
2021-05-29,0.0,0.0
2021-05-30,0.0,0.0
2021-05-31,0.0,0.0
2021-06-01,-0.0019353105400379306,0.06580558282518024
2021-06-02,0.0009125388109865245,-0.02374334749601523
2021-06-03,0.006651818549986706,0.0315342213447932
2021-06-04,-0.00407450113996587,-0.09409145671364344
2021-06-05,0.0,0.0
2021-06-06,0.0,0.0
2021-06-07,-0.0020769124007213465,0.0
2021-06-08,0.0014442376957409784,0.03882241025776176
2021-06-09,0.0004995177458700232,0.04691934447526731
2021-06-10,-0.0004772420176676864,-0.10542256771952595
2021-06-11,0.005226223849764027,-0.02834840307308947
2021-06-12,0.0,0.0
2021-06-13,0.0,0.0
2021-06-14,-0.0008286654472755822,0.046200462905372656
2021-06-15,0.000298385185277678,0.0377177945243885
2021-06-16,0.007770676769093861,0.06428138965238342
2021-06-17,0.007264586007766051,-0.02228502377181922
2021-06-18,0.0036505351632108935,0.15374822120687637
2021-06-19,0.0,0.0
2021-06-20,0.0,0.0
2021-06-21,-0.003563510058239819,-0.14589187372458626
2021-06-22,-0.0014158455809044736,-0.07123123582395531
2021-06-23,0.00037054541058036307,-0.020619296743295247
2021-06-24,0.00010888448356183623,-0.021679351888891696
2021-06-25,0.0005336949368448836,-0.022159841862596074
2021-06-26,0.0,0.0
2021-06-27,0.0,0.0
2021-06-28,0.0003483309468212775,0.008922961867715495
2021-06-29,0.0017942980796778253,0.016362871262031953
2021-06-30,0.004228283646696673,-0.011931101141382797
2021-07-01,0.0017619462773705182,-0.02235803048305722
2021-07-02,-0.001956680665111044,-0.02684284620242955
2021-07-03,0.0,0.0
2021-07-04,0.0,0.0
2021-07-05,0.0,0.0
2021-07-06,0.0014057102653986368,0.08701142972543527
2021-07-07,0.001101555047351342,-0.01470613277992456
2021-07-08,-0.0025830560504313932,0.15942768983307518
2021-07-09,-0.0031432692177700383,-0.16066304867479828
2021-07-10,0.0,0.0
2021-07-11,0.0,0.0
2021-07-12,0.0015186624986164745,-0.0006182521843864019
2021-07-13,0.005437475041835973,0.05708974142698163
2021-07-14,-0.0038236842448927267,-0.04724351742387486
2021-07-15,0.002442746737919404,0.040797517553130096
2021-07-16,0.0006043639541717616,0.0812629919747747
2021-07-17,0.0,0.0
2021-07-18,0.0,0.0
2021-07-19,0.002295475025301457,0.1984508973721072
2021-07-20,0.0008499589159189523,-0.13137501237725321
2021-07-21,-0.002368860388418711,-0.09678108928020436
2021-07-22,0.0007651223644027094,-0.01235966919142029
2021-07-23,0.0010551317320303965,-0.028090110185145265
2021-07-24,0.0,0.0
2021-07-25,0.0,0.0
2021-07-26,-0.002985258347190814,0.021852459740864652
2021-07-27,-0.002323275717190721,0.09644722545763793
2021-07-28,-0.0012881596945110022,-0.055761783855972864
2021-07-29,-0.004842878022683638,-0.03388264683517473
2021-07-30,0.0034445655613474816,0.030052289414132554
2021-07-31,0.0,0.0
2021-08-01,0.0,0.0
2021-08-02,-0.001335132810987241,0.06474405761339283
2021-08-03,0.00024973793804028963,-0.07576946432690278
2021-08-04,0.0020178203998208605,-0.0038879027995192016
2021-08-05,-0.00023848318194685456,-0.03915385947247127
2021-08-06,0.005922721684089682,-0.06762977706408986
2021-08-07,0.0,0.0
2021-08-08,0.0,0.0
2021-08-09,0.0014859695784058455,0.03468554054099084
2021-08-10,0.0012580772195662016,0.004177959028340658
2021-08-11,-0.001473343578855168,-0.03762584731032467
2021-08-12,0.0012906576008650582,-0.03652798545002149
2021-08-13,-0.005669656447705086,-0.00902070185877843
2021-08-14,0.0,0.0
2021-08-15,0.0,0.0
2021-08-16,0.0011559627259750804,0.04245179814165022
2021-08-17,0.0056630429260748575,0.10529841841281065
2021-08-18,-1.0730109847450759e-05,0.18594423869998947
2021-08-19,0.004755490153324423,0.004625372816078682
2021-08-20,-0.0008551140189800537,-0.154920120485587
2021-08-21,0.0,0.0
2021-08-22,0.0,0.0
2021-08-23,-0.005759404937015317,-0.07901054721458206
2021-08-24,-0.0007532032529151313,0.004073307755883778
2021-08-25,-0.000743004707618645,-0.025287933507119265
2021-08-26,0.0026464669571158173,0.11519875162978147
2021-08-27,-0.004134134594063972,-0.13931092173088985
2021-08-28,0.0,0.0
2021-08-29,0.0,0.0
2021-08-30,-0.00045320446582363327,-0.012277554840046993
2021-08-31,-0.00018348066327508706,0.01775369602797844
2021-09-01,-0.0020099490140677145,-0.02270726162901823
2021-09-02,-0.0023933763671169952,0.018450660728144403
2021-09-03,-0.0021165604660339957,0.0
2021-09-04,0.0,0.0
2021-09-05,0.0,0.0
2021-09-06,0.0,0.0
2021-09-07,0.005212806542046548,0.10022851523673723
2021-09-08,0.0014689854431189804,-0.009972399142124519
2021-09-09,-0.001836527977560789,0.045709817355874635
2021-09-10,0.0011886636849772363,0.10828185353128676
2021-09-11,0.0,0.0
2021-09-12,0.0,0.0
2021-09-13,0.000669438817911887,-0.07841316203994701
2021-09-14,-0.0004102427313268746,0.004635508965875068
2021-09-15,-0.0008641933825510312,-0.06803892417555253
2021-09-16,0.004152024492291759,0.027666544506303185
2021-09-17,0.0027620725531039936,0.10744496470005153
2021-09-18,0.0,0.0
2021-09-19,0.0,0.0
2021-09-20,0.0008581596175532741,0.2114463709259874
2021-09-21,-0.0006006753276867017,-0.0539375177708427
2021-09-22,0.00278583852899034,-0.1546297065956409
2021-09-23,-0.004611518817493064,-0.11353962173545984
2021-09-24,0.0032731530166538575,-0.04838762364465317
2021-09-25,0.0,0.0
2021-09-26,0.0,0.0
2021-09-27,0.0004927014460132538,0.055341439857178217
2021-09-28,0.004263737523245245,0.21457817625476233
2021-09-29,0.006091433528864837,-0.03012672907627412
2021-09-30,-0.001198336938341231,0.02538429243196716
2021-10-01,-0.00205007107495394,-0.09228963682790375
2021-10-02,0.0,0.0
2021-10-03,0.0,0.0
2021-10-04,-0.002843025515569613,0.08448047301532594
2021-10-05,0.0019920866864071474,-0.0750464946798554
2021-10-06,0.0032405671756957364,-0.014184599173202148
2021-10-07,-0.0005411607077786118,-0.07205874425477805
2021-10-08,-0.0015082136551389873,-0.04020381848217929
2021-10-09,0.0,0.0
2021-10-10,0.0,0.0
2021-10-11,0.00262194911657431,0.0634723985675252
2021-10-12,0.002044013526469189,-0.007528247203173337
2021-10-13,-0.004655339173943238,-0.06289424983755545
2021-10-14,-0.0012657166421578725,-0.10036578773839322
2021-10-15,-0.0002447590990693034,-0.033778927768254884
2021-10-16,0.0,0.0
2021-10-17,0.0,0.0
2021-10-18,7.447352520389698e-05,0.0006133228821253111
2021-10-19,-0.0023125646138249397,-0.03811768368319456
2021-10-20,-0.002061199830053009,-0.013466060552870796
2021-10-21,0.00238129209227894,-0.031477978758680386
2021-10-22,-0.0014195872080517544,0.027597025259155847
2021-10-23,0.0,0.0
2021-10-24,0.0,0.0
2021-10-25,0.0019633382296948497,-0.012390150913142705
2021-10-26,0.0014061657089813652,0.04741437645208414
2021-10-27,-0.0015234490432028864,0.060698242232118525
2021-10-28,-0.0050447953331552815,-0.026859200551924454
2021-10-29,0.008482510482515145,-0.016468835176247053
2021-10-30,0.0,0.0
2021-10-31,0.0,0.0
2021-11-01,-0.002574516257457789,0.009182777607491557
2021-11-02,0.0021281845191984477,-0.02342888634704037
2021-11-03,-0.002405185536314925,-0.059767240372714976
2021-11-04,0.0051862193798336035,0.022266748335608214
2021-11-05,-0.00025445064316527373,0.06518597928502101
2021-11-06,0.0,0.0
2021-11-07,0.0,0.0
2021-11-08,-0.002919974299928332,0.043923962420296184
2021-11-09,-0.000914887824894025,0.03200280958004064
2021-11-10,0.009343544576840291,0.052052223311124725
2021-11-11,0.0035471885369318203,-0.05882430548036191
2021-11-12,-0.0004939985214755298,-0.08075070771974943
2021-11-13,0.0,0.0
2021-11-14,0.0,0.0
2021-11-15,0.0029076393755605935,0.012202643875715364
2021-11-16,0.005289735394629515,-0.007303680041878168
2021-11-17,-0.0008553325865431713,0.044212680926723626
2021-11-18,-0.0029994385288536285,0.027667443847847712
2021-11-19,0.0050738748702760725,0.01802864012875469
2021-11-20,0.0,0.0
2021-11-21,0.0,0.0
2021-11-22,0.0053590353635874725,0.06798735348449784
2021-11-23,-0.000517985297811576,0.010895002121107753
2021-11-24,0.003909672061050205,-0.04215583387907041
2021-11-25,0.0,0.0
2021-11-26,-0.007959636785393465,0.43202007417217186
2021-11-27,0.0,0.0
2021-11-28,0.0,0.0
2021-11-29,0.0024319148900953436,-0.2203522718751432
2021-11-30,-0.003441669676507012,0.16909574670959093
2021-12-01,0.00017703694238310774,0.13500144799177308
2021-12-02,0.001394460234762317,-0.10743349938015533
2021-12-03,-0.00045767163236787886,0.09286775371604661
2021-12-04,0.0,0.0
2021-12-05,0.0,0.0
2021-12-06,0.002244845341024787,-0.12080356066278455
2021-12-07,0.0004151625859023397,-0.21645153629884614
2021-12-08,-0.005087173522875513,-0.09531017109099146
2021-12-09,0.003861935917953706,0.08104724373347415
2021-12-10,-0.0015804406604437889,-0.1437783062526054
2021-12-11,0.0,0.0
2021-12-12,0.0,0.0
2021-12-13,0.0025462119497754276,0.08312469925500683
2021-12-14,0.002001222032345186,0.07491653435511594
2021-12-15,-0.000580248224961513,-0.1264430092732273
2021-12-16,-0.004852062950132593,0.06424681445002371
2021-12-17,0.005535835065181224,0.0474697574240046
2021-12-18,0.0,0.0
2021-12-19,0.0,0.0
2021-12-20,-3.105604173598541e-05,0.05852259847760256
2021-12-21,-0.0005802061649442409,-0.0848275189796523
2021-12-22,-0.004466429438730032,-0.12022538618477858
2021-12-23,-0.0007706307066563433,-0.03662612766793574
2021-12-24,0.0,0.0
2021-12-25,0.0,0.0
2021-12-26,0.0,0.0
2021-12-27,0.0010516729184808344,-0.015712937427571433
2021-12-28,0.0012169641329481294,-0.007950035329993409
2021-12-29,-0.002883485692849749,-0.03421616030294203
2021-12-30,0.0003960017237270997,0.022171220487458933
2021-12-31,-0.0038734688188600415,-0.006367640200394624
2022-01-01,0.0,0.0
2022-01-02,0.0,0.0
2022-01-03,0.006444061141974283,-0.03666874078209838
2022-01-04,0.0006546332658574946,0.018502435544357602
2022-01-05,-0.0009560925619161271,0.1542351429461621
2022-01-06,0.0014960128672688424,-0.006100625500360934
2022-01-07,-0.006290076222868877,-0.04431271555415718
2022-01-08,0.0,0.0
2022-01-09,0.0,0.0
2022-01-10,0.002795838748608521,0.03354609062729154
2022-01-11,-0.0038097049740263146,-0.052379059449223685
2022-01-12,-0.007600038888209319,-0.04385931881904721
2022-01-13,-0.0013285757560773616,0.1420786811593658
2022-01-14,0.004064549204999465,-0.056724011447385425
2022-01-15,0.0,0.0
2022-01-16,0.0,0.0
2022-01-17,0.0,0.0
2022-01-18,0.005888372790722386,0.17193254558031584
2022-01-19,-0.0023323520114504294,0.04546234989896832
2022-01-20,0.0023532339364394066,0.07041742280560326
2022-01-21,-0.0009301466191660892,0.11990835004213829
2022-01-22,0.0,0.0
2022-01-23,0.0,0.0
2022-01-24,0.002767084742771152,0.035748461461826586
2022-01-25,0.0002815051643843956,0.04127674846717597
2022-01-26,0.004908292734005473,0.0253498761464045
2022-01-27,0.008696466192805535,-0.047086338758656796
2022-01-28,0.0002467978269216864,-0.09741143277332177
2022-01-29,0.0,0.0
2022-01-30,0.0,0.0
2022-01-31,-0.007523100362990281,-0.10793472427263467
2022-02-01,-0.0016795492183624815,-0.12283002149677473
2022-02-02,-0.004575978521977178,0.005902449388932326
2022-02-03,-0.005812447961881709,0.09740684085512573
2022-02-04,0.0010584312294943192,-0.047517918496258305
2022-02-05,0.0,0.0
2022-02-06,0.0,0.0
2022-02-07,-0.0009221370488527162,-0.015625261632240678
2022-02-08,0.0026068867061701563,-0.06413032395420283
2022-02-09,-0.001538133484411985,-0.07152813609679119
2022-02-10,0.0005652498046189303,0.18056655007325953
2022-02-11,0.005479596227985401,0.1347853399740475
2022-02-12,0.0,0.0
2022-02-13,0.0,0.0
2022-02-14,0.0029413961879701097,0.034839196086860244
2022-02-15,-0.0037744623014022627,-0.09743028956184699
2022-02-16,-0.0030882973853445187,-0.05642624088191999
2022-02-17,0.0011070790437997906,0.1460606259257955
2022-02-18,0.002283350553305911,-0.012889566438965801
2022-02-19,0.0,0.0
2022-02-20,0.0,0.0
2022-02-21,0.0,0.0
2022-02-22,-0.00011458016750615068,0.037486690366762734
2022-02-23,0.0018418618040956672,0.0739096419462359
2022-02-24,0.00962204848410375,-0.022824621796435525
2022-02-25,-0.005151251692691756,-0.09435415694926126
2022-02-26,0.0,0.0
2022-02-27,0.0,0.0
2022-02-28,0.0007759121283245492,0.08873151676105362
2022-03-01,0.007336436733036996,0.09997289761890603
2022-03-02,8.216030058842077e-05,-0.08059307747498817
2022-03-03,0.003862599488289947,-0.008494014864764431
2022-03-04,0.008958507474929276,0.04803997729179485
2022-03-05,0.0,0.0
2022-03-06,0.0,0.0
2022-03-07,0.0063041393894364695,0.13083078629404346
2022-03-08,-0.002167575773848575,-0.03688598270340872
2022-03-09,-0.011439821399723394,-0.07935503002105185
2022-03-10,0.005609332482207602,-0.07086567301265848
2022-03-11,0.006334958153724747,0.017055200603855316
2022-03-12,0.0,0.0
2022-03-13,0.0,0.0
2022-03-14,-0.002535234170065129,0.03263246843757495
2022-03-15,0.0018692779347298908,-0.0630078667210695
2022-03-16,-0.004481893147084576,-0.11197525491444403
2022-03-17,-0.006571914443986368,-0.03821634319943387
2022-03-18,0.0025687714219792585,-0.07270052234591615
2022-03-19,0.0,0.0
2022-03-20,0.0,0.0
2022-03-21,0.002765301485608879,-0.014346243588262985
2022-03-22,0.00024364867809078026,-0.02539409693912241
2022-03-23,0.00093330809593024,0.027092569018550887
2022-03-24,0.0018742774489199482,-0.08404588493141855
2022-03-25,0.00022260218337049066,-0.04049520432695106
2022-03-26,0.0,0.0
2022-03-27,0.0,0.0
2022-03-28,0.0023550166817330343,-0.058374649206258046
2022-03-29,-0.006217851343191444,-0.03789706365376267
2022-03-30,-0.0057662488530033276,0.02249638739130696
2022-03-31,0.004943069242306971,0.061689125338078736
2022-04-01,0.0027108231018484097,-0.04628844907562309
2022-04-02,0.0,0.0
2022-04-03,0.0,0.0
2022-04-04,0.003512132857666145,-0.05551160660496785
2022-04-05,0.004576598742211924,0.12440266343456106
2022-04-06,0.0018789559609185646,0.049627603419411595
2022-04-07,0.0014545885695595772,-0.025201844638247307
2022-04-08,-7.020880008260201e-05,-0.018263181367582593
2022-04-09,0.0,0.0
2022-04-10,0.0,0.0
2022-04-11,0.0017128190944172034,0.14124030229531587
2022-04-12,0.0036759961634512703,-0.00452398912382654
2022-04-13,-0.0037861017656776346,-0.10600194653157295
2022-04-14,0.004125020337270881,0.03953799167815706
2022-04-15,0.0,0.0
2022-04-16,0.0,0.0
2022-04-17,0.0,0.0
2022-04-18,0.004376137827609072,-0.023624931027489242
2022-04-19,0.001963001186223635,-0.03675191846691165
2022-04-20,-0.005432473018821351,-0.050382500910835126
2022-04-21,0.0019598834108594913,0.10987788462348555
2022-04-22,0.005935784553031095,0.21819300024463079
2022-04-23,0.0,0.0
2022-04-24,0.0,0.0
2022-04-25,0.005478329715254025,-0.043099143086190964
2022-04-26,0.0053801068246325376,0.21556493979660302
2022-04-27,0.006284057181807239,-0.0589851566056232
2022-04-28,0.006736957323744876,-0.052293147535713964
2022-04-29,-0.006736957323744753,0.10769196053867162
2022-04-30,0.0,0.0
2022-05-01,0.0,0.0
2022-05-02,0.007768677416826462,-0.03225108680044981
2022-05-03,-0.002605367066239278,-0.1004252851893356
2022-05-04,-0.008753517098868749,-0.14034330491522218
2022-05-05,0.011705788437600638,0.20488185050598062
2022-05-06,-0.0010410004780235587,-0.032907357859992
2022-05-07,0.0,0.0
2022-05-08,0.0,0.0
2022-05-09,-4.819347141267076e-05,0.14066881060216926
2022-05-10,0.0024466163674798005,-0.05197503589226457
2022-05-11,-0.0006640481407231302,-0.01311995280695535
2022-05-12,0.009800315122427643,-0.024562120621479416
2022-05-13,-0.0026346292837547735,-0.09571943994586465
2022-05-14,0.0,0.0
2022-05-15,0.0,0.0
2022-05-16,-0.0040322172690026034,-0.049708547633251145
2022-05-17,-0.007639464418867477,-0.05115914616663997
2022-05-18,0.0043904546083197195,0.17076069020588336
2022-05-19,-0.010754509878226317,-0.05340345987885895
2022-05-20,0.004098576846844121,0.0027220133435583802
2022-05-21,0.0,0.0
2022-05-22,0.0,0.0
2022-05-23,-0.010483814213154597,-0.032812502144316524
2022-05-24,-0.0022258254130663713,0.0334918655332464
2022-05-25,0.002029946968429257,-0.03736165760137902
2022-05-26,-0.002147761283094686,-0.031146273729954037
2022-05-27,-0.0015720852763340652,-0.06691713200005571
2022-05-28,0.0,0.0
2022-05-29,0.0,0.0
2022-05-30,0.0,0.0
2022-05-31,0.0006684307497078221,0.018108806238812062
2022-06-01,0.007469630120900877,-0.019275847000948997
2022-06-02,-0.006821275082635325,-0.03848922709776528
2022-06-03,0.003215843810499619,0.002827778165847551
2022-06-04,0.0,0.0
2022-06-05,0.0,0.0
2022-06-06,0.002805330405433879,0.011231517018839617
2022-06-07,-0.0011915854222197817,-0.04278506428781263
2022-06-08,0.0021574626274076295,-0.0025011006728514825
2022-06-09,0.00653182373151549,0.08516636996056637
2022-06-10,0.008998499660319317,0.061683735195286235
2022-06-11,0.0,0.0
2022-06-12,0.0,0.0
2022-06-13,0.00761366886768626,0.20371276023099444
2022-06-14,0.0037567798056980443,-0.039879421696833575
2022-06-15,-0.0038711396634331036,-0.09861934155361644
2022-06-16,-0.014571730735545204,0.10654144692998793
2022-06-17,0.010302865496967123,-0.056819326608450633
2022-06-18,0.0,0.0
2022-06-19,0.0,0.0
2022-06-20,0.0,0.0
2022-06-21,-0.0026545464350779626,-0.030661196085893273
2022-06-22,-0.002209458765177931,-0.04194053103593365
2022-06-23,0.0020271466828514074,0.0034482266622454993
2022-06-24,-0.0022387767073961894,-0.06469916716028097
2022-06-25,0.0,0.0
2022-06-26,0.0,0.0
2022-06-27,-0.0027066312855822607,-0.010335964210215428
2022-06-28,0.00560743008612129,0.050996397521043194
2022-06-29,0.005623824633373557,-0.007077197314253043
2022-06-30,-0.003678725907507902,0.01934293637293805
2022-07-01,0.004250790491332455,-0.07258186826346097
2022-07-02,0.0,0.0
2022-07-03,0.0,0.0
2022-07-04,0.0,0.0
2022-07-05,0.013360136396786237,0.030975932563342613
2022-07-06,0.0054217217989942935,-0.029853013518694623
2022-07-07,0.0005704467030521825,-0.024617778892292053
2022-07-08,-0.0012910516253876881,-0.05679762023851329
2022-07-09,0.0,0.0
2022-07-10,0.0,0.0
2022-07-11,0.009392132658109837,0.06024260556281789
2022-07-12,0.0007694428532214906,0.04190664881096002
2022-07-13,-0.0014467226210184815,-0.017372501793467377
2022-07-14,0.006023259870068359,-0.015783870772208296
2022-07-15,-0.004585799011302602,-0.08577247976665936
2022-07-16,0.0,0.0
2022-07-17,0.0,0.0
2022-07-18,-0.006321430040527659,0.043212849641764174
2022-07-19,-0.006371024933666389,-0.03213124802708314
2022-07-20,0.0037751258319976234,-0.025631864170057687
2022-07-21,-0.0013941260093535803,-0.032775802683622346
2022-07-22,-0.001714875946648671,-0.0034677070491447837
2022-07-23,0.0,0.0
2022-07-24,0.0,0.0
2022-07-25,-0.0024979243830867944,0.014227440440232874
2022-07-26,0.0064573662364507635,0.05537314089952182
2022-07-27,-0.006683070559008088,-0.06052340285251661
2022-07-28,-0.0008938473650963358,-0.03994385969968478
2022-07-29,-0.0043110293282660654,-0.045816533528988145
2022-07-30,0.0,0.0
2022-07-31,0.0,0.0
2022-08-01,-0.004196778515520563,0.06839886256211869
2022-08-02,0.007264482954823929,0.046619523204595135
2022-08-03,0.0025696676966970563,-0.08636574039389384
2022-08-04,-0.007653010144062595,-0.023508813167236665
2022-08-05,0.00871469631179813,-0.013618473656111421
2022-08-06,0.0,0.0
2022-08-07,0.0,0.0
2022-08-08,-0.0015694516254432971,0.00659763445218728
2022-08-09,-0.0006679915245643165,0.022295374365645357
2022-08-10,-0.01109163857422035,-0.09788587386321505
2022-08-11,-0.0008187451837109295,0.02303561976592722
2022-08-12,0.0049025183417440565,-0.03373086212935113
2022-08-13,0.0,0.0
2022-08-14,0.0,0.0
2022-08-15,0.00870991117994848,0.02127740153136365
2022-08-16,-0.0004228733987393757,-0.013118261804125196
2022-08-17,0.0009207285006551142,0.010608792786788055
2022-08-18,0.008686323967709705,-0.017233075258002006
2022-08-19,0.006338373483724347,0.05180445701037145
2022-08-20,0.0,0.0
2022-08-21,0.0,0.0
2022-08-22,0.008135361736885127,0.14439445430766584
2022-08-23,-0.0039258279757625,0.012941168887216881
2022-08-24,0.0005709486776975011,-0.05498938644760824
2022-08-25,-0.001686243235257469,-0.04664518202952005
2022-08-26,0.002928401940103446,0.1600364595838233
2022-08-27,0.0,0.0
2022-08-28,0.0,0.0
2022-08-29,0.0003585665708622246,0.02511237378979406
2022-08-30,-0.0003769472730897367,0.0
2022-08-31,-0.000772715992555394,-0.013056953766507983
2022-09-01,0.009279049439210272,-0.012055420023286018
2022-09-02,-0.0015329242272629252,-0.0035273465826869926
2022-09-03,0.0,0.0
2022-09-04,0.0,0.0
2022-09-05,0.0,0.0
2022-09-06,0.006317326505563097,0.05499669703613629
2022-09-07,-0.003381283036534289,-0.0881268451739526
2022-09-08,-0.0010840903554702192,-0.042700736945736
2022-09-09,-0.006547467874581855,-0.035348493518901854
2022-09-10,0.0,0.0
2022-09-11,0.0,0.0
2022-09-12,-0.006267475705315303,0.046300592079318664
2022-09-13,0.013689577370178986,0.13316473813460536
2022-09-14,-0.0016223245265912895,-0.04155569288771608
2022-09-15,0.0007294712033143649,0.004196100366660546
2022-09-16,0.00022785935690200772,0.0011412890518258574
2022-09-17,0.0,0.0
2022-09-18,0.0,0.0
2022-09-19,0.002239254839950472,-0.0207460000532964
2022-09-20,-0.00036377035078904546,0.05292238695106717
2022-09-21,0.003667923607809181,0.030101998277705832
2022-09-22,0.006854840518149354,-0.023130752534395428
2022-09-23,0.016575730792781605,0.08981061284051299
2022-09-24,0.0,0.0
2022-09-25,0.0,0.0
2022-09-26,0.009322381021607193,0.07530086501150463
2022-09-27,0.0002367762816758802,0.010484220898846989
2022-09-28,-0.013586259463884687,-0.07713277811500176
2022-09-29,-0.00272350973132431,0.053543902316957874
2022-09-30,-0.001052262329931258,-0.006933507445969212
2022-10-01,0.0,0.0
2022-10-02,0.0,0.0
2022-10-03,-0.0038258865644427245,-0.04926467389430347
2022-10-04,-0.015115051225090277,-0.034818480355421226
2022-10-05,0.00932166066773073,-0.018049794693725838
2022-10-06,0.010502144691461168,0.06672531203596996
2022-10-07,0.004447100317526017,0.02715099352988201
2022-10-08,0.0,0.0
2022-10-09,0.0,0.0
2022-10-10,0.003437377624269421,0.03416725171638206
2022-10-11,0.0005039740085501061,0.03571809085163382
2022-10-12,0.0008482423681344453,-0.0017857556117495637
2022-10-13,-0.008612911164023542,-0.04977364239369622
2022-10-14,0.008418626547772092,0.0025015623572302516
2022-10-15,0.0,0.0
2022-10-16,0.0,0.0
2022-10-17,-0.011496784657910273,-0.02050867290942354
2022-10-18,0.0007682483284362621,-0.028125365341958763
2022-10-19,0.007871101213608605,0.00848846846496936
2022-10-20,-0.0005405212399084614,-0.02568467467285204
2022-10-21,-0.00745559393574247,-0.009720170642020446
2022-10-22,0.0,0.0
2022-10-23,0.0,0.0
2022-10-24,-0.0006343034030475232,0.005374545854703685
2022-10-25,-0.009688498186821336,-0.04768529212537634
2022-10-26,-0.011598172101853944,-0.04234570234723907
2022-10-27,0.00819077742613718,0.004024102845698542
2022-10-28,0.0013842449155155986,-0.06174333388150429
2022-10-29,0.0,0.0
2022-10-30,0.0,0.0
2022-10-31,0.007332465610211952,0.00503581009507937
2022-11-01,-0.0005476010843521356,-0.0027084441661897746
2022-11-02,-0.001195078295842783,0.0019354039072249207
2022-11-03,0.014087658224488675,-0.021893031368095072
2022-11-04,-0.01815969853236026,-0.03009254241419883
2022-11-05,0.0,0.0
2022-11-06,0.0,0.0
2022-11-07,-0.00707541547071949,-0.008179957968859137
2022-11-08,-0.004108657312204128,0.047714021256488805
2022-11-09,0.008345420496852574,0.0213062185459617
2022-11-10,-0.0216707132895372,-0.10327587307618198
2022-11-11,-0.017997660808006483,-0.0438724083225021
2022-11-12,0.0,0.0
2022-11-13,0.0,0.0
2022-11-14,0.0034509239039292277,0.05233622755869435
2022-11-15,-0.002217775664246144,0.03356442543314979
2022-11-16,-0.001346197067877952,-0.01767775908195146
2022-11-17,0.004136455664735797,-0.007493802835230617
2022-11-18,0.0021928199574433394,-0.03443483456993681
2022-11-19,0.0,0.0
2022-11-20,0.0,0.0
2022-11-21,0.00844537374566353,-0.03342440451971913
2022-11-22,-0.005743678900983807,-0.04903615367539873
2022-11-23,-0.010775251767677154,-0.04515659127403576
2022-11-24,0.0,0.0
2022-11-25,-0.0004719851621860714,0.00734395551031755
2022-11-26,0.0,0.0
2022-11-27,0.0,0.0
2022-11-28,0.006727922993951289,0.08011771054057051
2022-11-29,0.001274545219840165,-0.014512713032827779
2022-11-30,-0.008191281444677567,-0.06171015695339056
2022-12-01,-0.01147287472246516,-0.036619617151065965
2022-12-02,-0.001807007437766146,-0.040108239341404936
2022-12-03,0.0,0.0
2022-12-04,0.0,0.0
2022-12-05,0.007046867552476848,0.08495437647046357
2022-12-06,0.0028750372667972436,0.06619378039282739
2022-12-07,-0.004615437228867028,0.022743465245738823
2022-12-08,-0.002859734059764197,-0.017345303844040455
2022-12-09,0.0004104592828977514,0.023937268728642467
2022-12-10,0.0,0.0
2022-12-11,0.0,0.0
2022-12-12,0.0029060365082769204,0.09080036766832521
2022-12-13,-0.011107621123867194,-0.10314079275274912
2022-12-14,-0.001964565506525057,-0.06456808054524123
2022-12-15,0.0076151083406559485,0.0769085056296651
2022-12-16,0.0012333629518481968,-0.009240949410513647
2022-12-17,0.0,0.0
2022-12-18,0.0,0.0
2022-12-19,-0.0006308243769518833,-0.008881086742406634
2022-12-20,-0.009500490706575692,-0.04283117271744946
2022-12-21,0.0023233929561052168,-0.06789610072682875
2022-12-22,0.0026926341733491312,0.09045170754006276
2022-12-23,-0.0011242285309776777,-0.05136509384120208
2022-12-24,0.0,0.0
2022-12-25,0.0,0.0
2022-12-26,0.0,0.0
2022-12-27,-0.0011255672785166172,0.036692675527112216
2022-12-28,0.002777860434195249,0.022380462884019337
2022-12-29,-0.005737190642080178,-0.032127538600664654
2022-12-30,-0.0030649643226438685,0.010670457956980314
2022-12-31,0.0,0.0
2023-01-01,0.0,0.0
2023-01-02,0.0,0.0
2023-01-03,0.010049167089445518,0.05520807483314222
2023-01-04,-0.0027935365573307446,-0.03963998796476396
2023-01-05,0.007728102095175948,0.02023900261036192
2023-01-06,-0.011339657076541398,-0.06104211663738497
2023-01-07,0.0,0.0
2023-01-08,0.0,0.0
2023-01-09,-0.008750594942011497,0.03898406323239964
2023-01-10,0.0023041395124759312,-0.06535812844402532
2023-01-11,-0.0005050989085247597,0.02447927502705114
2023-01-12,-0.009105908903865603,-0.11334766310842789
2023-01-13,-0.00048056645365771955,-0.025821743328217784
2023-01-14,0.0,0.0
2023-01-15,0.0,0.0
2023-01-16,0.0,0.0
2023-01-17,0.0019109473517575882,0.053579518085733954
2023-01-18,-0.00033289512908181803,0.049380284747422815
2023-01-19,-0.0027067161615521866,0.008810644488462888
2023-01-20,-0.000491160176049905,-0.03319601625992202
2023-01-21,0.0,0.0
2023-01-22,0.0,0.0
2023-01-23,0.0013255193441967044,-0.002017192599349769
2023-01-24,-0.0023674663710176167,-0.031276514981302975
2023-01-25,-0.0025506085607138866,-0.006269656748659141
2023-01-26,0.0021866125226756433,-0.018514170005640936
2023-01-27,0.0008162922441691104,-0.011815353065151442
2023-01-28,0.0,0.0
2023-01-29,0.0,0.0
2023-01-30,0.003581802935258134,0.07441665236620897
2023-01-31,-0.0016764394305682512,-0.027454744911028
2023-02-01,-0.008741436583692766,-0.08214967027130217
2023-02-02,0.005399706894165891,0.04700311588127257
2023-02-03,0.011550075434047371,-0.02158743432649611
2023-02-04,0.0,0.0
2023-02-05,0.0,0.0
2023-02-06,0.007204812198777883,0.05827922140640191
2023-02-07,-0.00193431828758889,-0.040436091853844745
2023-02-08,-0.0002516662375326722,0.05067677829384996
2023-02-09,-0.001608702450837041,0.0535576656646979
2023-02-10,0.004152142676447791,-0.00872936672367463
2023-02-11,0.0,0.0
2023-02-12,0.0,0.0
2023-02-13,-0.002775883328524253,-0.009297866354522386
2023-02-14,-0.0012114106531995869,-0.07289852352107458
2023-02-15,0.006919131550990393,-0.03662231102109
2023-02-16,-0.0004623274332798415,0.10112779216855393
2023-02-17,-0.0001060031215309416,-0.007464558996273437
2023-02-18,0.0,0.0
2023-02-19,0.0,0.0
2023-02-20,0.0,0.0
2023-02-21,0.0031939758854857636,0.13309424797811642
2023-02-22,0.0039399299278926395,-0.02568785625927578
2023-02-23,0.00015305354440623082,-0.05297123690102267
2023-02-24,0.005903732228142557,0.02476186749877466
2023-02-25,0.0,0.0
2023-02-26,0.0,0.0
2023-02-27,-0.0050909776938022405,-0.0337901362836813
2023-02-28,0.0019192878746382063,-0.01200494565700265
2023-03-01,-0.0037561296489172892,-0.005814010429586494
2023-03-02,0.005376621840223974,-0.049300486953194694
2023-03-03,-0.004840533790335536,-0.057789206725168754
2023-03-04,0.0,0.0
2023-03-05,0.0,0.0
2023-03-06,-0.0015612251197108518,0.006469070430775006
2023-03-07,0.01207164076877502,0.05132013629439375
2023-03-08,0.00039767657716062964,-0.02480744955448161
2023-03-09,-0.0031194102796757114,0.1681805230936015
2023-03-10,-0.0071763303158342215,0.09245130912260863
2023-03-11,0.0,0.0
2023-03-12,0.0,0.0
2023-03-13,-0.008057129694224929,0.06705556017148671
2023-03-14,-0.004813288439252013,-0.11115913142156775
2023-03-15,0.010227083586414394,0.09672663368957533
2023-03-16,-0.0017660883853555616,-0.12840735602736547
2023-03-17,-0.007057105103816402,0.10401121230658243
2023-03-18,0.0,0.0
2023-03-19,0.0,0.0
2023-03-20,-0.004139767849217878,-0.054786176823226014
2023-03-21,-0.0003497593494162563,-0.12182849795903464
2023-03-22,-0.00903025174802865,0.040335489785902484
2023-03-23,0.002301908748070855,0.01560095715503785
2023-03-24,0.005434920801364777,-0.03923844211971962
2023-03-25,0.0,0.0
2023-03-26,0.0,0.0
2023-03-27,-0.0023967256535311694,-0.053862776851436873
2023-03-28,-0.004026854031814613,-0.031059981269611188
2023-03-29,0.0018785715589926615,-0.04349616152765742
2023-03-30,-0.00467372712876381,-0.005243870331479798
2023-03-31,0.0035782915302612532,-0.016967516525293273
2023-04-01,0.0,0.0
2023-04-02,0.0,0.0
2023-04-03,-0.003912233045936695,-0.008053816734809512
2023-04-04,-0.005121843520019384,0.023969231241808685
2023-04-05,0.0027414557017628564,0.004201682855065258
2023-04-06,-0.0002560865273862432,-0.03629001813861621
2023-04-07,0.0,0.0
2023-04-08,0.0,0.0
2023-04-09,0.0,0.0
2023-04-10,0.002076332378385337,0.030508103867642994
2023-04-11,0.0015126597719950416,0.006829607274288469
2023-04-12,-0.0070228065822918306,-0.0005237092940851025
2023-04-13,-0.004666361574745946,-0.06996623129446441
2023-04-14,0.005397579760231894,-0.041875895507824036
2023-04-15,0.0,0.0
2023-04-16,0.0,0.0
2023-04-17,0.005427438050550491,-0.007054640090812043
2023-04-18,-0.0034244545497346705,-0.007104875168132019
2023-04-19,0.0021662627232232937,-0.02222986404192645
2023-04-20,-0.001003743305449038,0.04223053972525203
2023-04-21,-0.0001378503010267626,-0.023572076221130268
2023-04-22,0.0,0.0
2023-04-23,0.0,0.0
2023-04-24,-0.004727993076381137,0.007130091551149501
2023-04-25,0.0051218114032316915,0.10500526109575481
2023-04-26,-0.003816639283692421,0.004255321468758906
2023-04-27,0.0004642671874687461,-0.10100574225300608
2023-04-28,0.0014902272869359039,-0.07623323649860547
2023-04-29,0.0,0.0
2023-04-30,0.0,0.0
2023-05-01,0.00508549854381156,0.018832960510421673
2023-05-02,-0.0019150949705308861,0.10049800969856827
2023-05-03,-0.006014617040945115,0.031010206443528907
2023-05-04,0.0006821610407401701,0.09113771127378989
2023-05-05,-0.0018300016465347946,-0.15589433595937743
2023-05-06,0.0,0.0
2023-05-07,0.0,0.0
2023-05-08,0.0015433606207515783,-0.012291696538472011
2023-05-09,0.0024092677794264436,0.04209324617502903
2023-05-10,-0.001282934662737415,-0.04445167934890709
2023-05-11,0.0059466352723992815,-0.0005905065795475104
2023-05-12,0.006223675549230337,0.0058893208235718105
2023-05-13,0.0,0.0
2023-05-14,0.0,0.0
2023-05-15,-0.0023244365867095555,0.005270884739881481
2023-05-16,0.0012995785728969447,0.049568615505478746
2023-05-17,0.003139461463235752,-0.06427908893475077
2023-05-18,0.007071524000940031,-0.04982814426410975
2023-05-19,-0.0036410456235638675,0.046265113609435415
2023-05-20,0.0,0.0
2023-05-21,0.0,0.0
2023-05-22,0.0,0.02351664137575075
2023-05-23,0.0029641968887548025,0.07390052032710898
2023-05-24,0.0039964669511774855,0.07784010660543
2023-05-25,0.003615835136270708,-0.04545082982256885
2023-05-26,-0.00037445420002751856,-0.06419019669813379
2023-05-27,0.0,0.0
2023-05-28,0.0,0.0
2023-05-29,0.0,0.0
2023-05-30,-0.0005571062221418307,-0.02767765946212412
2023-05-31,0.0016032780645150893,0.027120388423994002
2023-06-01,-0.0071529986697766905,-0.1365619937886482
2023-06-02,0.0043383620299648025,-0.06944933776874544
2023-06-03,0.0,0.0
2023-06-04,0.0,0.0
2023-06-05,-0.00015399128108022127,0.008864644555220937
2023-06-06,0.0013268642101072897,-0.053690099330757315
2023-06-07,-0.00018255209640292394,-0.0014337248360685253
2023-06-08,-0.007127337319240683,-0.021022881546280903
2023-06-09,0.0020981036396990832,0.013100646475644698
2023-06-10,0.0,0.0
2023-06-11,0.0,0.0
2023-06-12,0.0009461063020617563,0.08187652073388114
2023-06-13,-0.0030248626771162508,-0.027010458630547705
2023-06-14,-0.003898493304958641,-0.05125723893976474
2023-06-15,-0.007882031686203368,0.04369968610284749
2023-06-16,0.0014679697130359588,-0.06850038475975376
2023-06-17,0.0,0.0
2023-06-18,0.0,0.0
2023-06-19,0.0,0.0
2023-06-20,-0.0013015099253166902,0.024800698656906404
2023-06-21,-0.004406241563921607,-0.050232148180967114
2023-06-22,0.0031227087230724644,-0.022214622103519467
2023-06-23,0.005358448623938795,0.04023311083432769
2023-06-24,0.0,0.0
2023-06-25,0.0,0.0
2023-06-26,-0.002030498985994099,0.05852160284113717
2023-06-27,-0.0020248439030428967,-0.03644563657852305
2023-06-28,0.004113821646756668,-0.022820236877551976
2023-06-29,0.0044757387994215,0.008157231408190429
2023-06-30,-0.004095487098267778,0.0036859747242309056
2023-07-01,0.0,0.0
2023-07-02,0.0,0.0
2023-07-03,0.0006529041081487206,-0.001472788033232051
2023-07-04,0.0,0.0
2023-07-05,0.0037046683460579,0.043971091267771496
2023-07-06,-0.0016319116269824286,0.08512897479383703
2023-07-07,-0.008954393162757836,-0.0403093664141097
2023-07-08,0.0,0.0
2023-07-09,0.0,0.0
2023-07-10,-0.003025648349585596,0.016053841382581882
2023-07-11,-0.002354143422576154,-0.015379744366417324
2023-07-12,-0.012004341464167925,-0.09167798335466223
2023-07-13,-0.00738298565764834,0.005156526770827636
2023-07-14,0.0014970496435891833,-0.020037739511752393
2023-07-15,0.0,0.0
2023-07-16,0.0,0.0
2023-07-17,-0.0007633455962910939,0.01044001959958077
2023-07-18,0.0009640848704629194,-0.013443021956755858
2023-07-19,0.0036370312999142334,0.03400179957037673
2023-07-20,0.006072268950588622,0.01657692317794938
2023-07-21,0.0019960422950913164,-0.0282729515257504
2023-07-22,0.0,0.0
2023-07-23,0.0,0.0
2023-07-24,0.0028234836968429665,0.02253817417444661
2023-07-25,0.00012860374464427552,-0.003601025974701848
2023-07-26,-0.0045605047943388256,-0.049548034075017525
2023-07-27,0.008982127160262731,0.08846346450642487
2023-07-28,-0.001428939822230919,-0.07790527095526222
2023-07-29,0.0,0.0
2023-07-30,0.0,0.0
2023-07-31,0.002236152871534434,0.022256125637552852
2023-08-01,0.0045063881071903955,0.021771555594829607
2023-08-02,0.002973493744275832,0.14415316078816773
2023-08-03,-0.00038098716529636167,-0.010621785279120752
2023-08-04,-0.0050346354031431,0.07150230060821507
2023-08-05,0.0,0.0
2023-08-06,0.0,0.0
2023-08-07,0.0002454776081805046,-0.08096905581433864
2023-08-08,0.004691428189296091,0.013854082529355417
2023-08-09,-0.0002736340626016109,-0.0018779181199778247
2023-08-10,0.0005374299104461797,-0.006916070021043794
2023-08-11,0.003140668799284421,-0.06584327636934291
2023-08-12,0.0,0.0
2023-08-13,0.0,0.0
2023-08-14,0.0035868912709946764,-0.001348648745654453
2023-08-15,0.00035898157092877173,0.1049555403517941
2023-08-16,0.002170386793321039,0.0192546023319537
2023-08-17,0.0014604355389469228,0.06405412144418428
2023-08-18,-0.0018767018372112612,-0.03353540600052895
2023-08-19,0.0,0.0
2023-08-20,0.0,0.0
2023-08-21,-0.0006780222657692253,-0.0098751940591841
2023-08-22,0.0025837016672325755,-0.009384224560183918
2023-08-23,-0.0013539202073418483,-0.060109127091726666
2023-08-24,0.005654952423850856,0.07357151648426023
2023-08-25,0.0009041588286758588,-0.09252339379134868
2023-08-26,0.0,0.0
2023-08-27,0.0,0.0
2023-08-28,-0.00020195402507872302,-0.03901667686447267
2023-08-29,-0.0050225553029740145,-0.04267495616173335
2023-08-30,-0.0036598707277900387,-0.040245438035115294
2023-08-31,0.004780303914050274,-0.02258751196590744
2023-09-01,0.005813951505778773,-0.03601285977913649
2023-09-02,0.0,0.0
2023-09-03,0.0,0.0
2023-09-04,0.0,0.0
2023-09-05,0.005474889386672867,0.06792278510731134
2023-09-06,0.0005534645660778136,0.030923024672847757
2023-09-07,0.001972854772003797,-0.0034662212677953473
2023-09-08,0.00036176201371252174,-0.039665218876341175
2023-09-09,0.0,0.0
2023-09-10,0.0,0.0
2023-09-11,-0.005028520591436174,-0.0028943552301342276
2023-09-12,0.0014434041166357572,0.03068377394831886
2023-09-13,0.0005633918098180104,-0.0541453084074137
2023-09-14,0.0061481473394618975,-0.05020064383757028
2023-09-15,-0.0006643859104784064,0.07293726135107188
2023-09-16,0.0,0.0
2023-09-17,0.0,0.0
2023-09-18,-0.00031333778493150403,0.015113640576325997
2023-09-19,-0.004378365328297253,0.00782641191758886
2023-09-20,-0.0004197950418029223,0.07045652915299092
2023-09-21,0.002440017063348393,0.1471437684547391
2023-09-22,0.0020542024217110764,-0.01957461096422612
2023-09-23,0.0,0.0
2023-09-24,0.0,0.0
2023-09-25,0.004076803900514595,-0.017595828819496954
2023-09-26,0.0022681973683783712,0.1139625165984174
2023-09-27,0.004107450231248914,-0.03875626180982192
2023-09-28,-0.00407914559980634,-0.04950387399329105
2023-09-29,-0.001114496735947784,0.01032713148414973
2023-09-30,0.0,0.0
2023-10-01,0.0,0.0
2023-10-02,0.007447512277600312,0.005123845531178813
2023-10-03,0.0010594067319456715,0.11620440374120897
2023-10-04,-0.0017726042300319198,-0.06258563162924435
2023-10-05,-0.004374487421999721,-0.004855696259100858
2023-10-06,-0.0026528897986411,-0.057890340650457284
2023-10-07,0.0,0.0
2023-10-08,0.0,0.0
2023-10-09,0.00025520856551840515,0.014224990313812625
2023-10-10,-0.0024033716508034763,-0.03858814768935068
2023-10-11,0.00011368602296086476,-0.056778564506664936
2023-10-12,0.0075305781313781545,0.03661179918471129
2023-10-13,0.0006297089449927943,0.14633104331612187
2023-10-14,0.0,0.0
2023-10-15,0.0,0.0
2023-10-16,-0.003765291794136693,-0.11565025596248249
2023-10-17,0.00011317463163522451,0.03819216578233453
2023-10-18,0.0029001777962275846,0.07226864500819685
2023-10-19,-0.0029001777962276657,0.10743953638554474
2023-10-20,-0.0005470694285633649,0.014382037517315394
2023-10-21,0.0,0.0
2023-10-22,0.0,0.0
2023-10-23,-0.006189619830640235,-0.06370967028123974
2023-10-24,0.007057293162592183,-0.07120452368766059
2023-10-25,0.002560778923003746,0.06232871102580391
2023-10-26,0.0006579723009095887,0.023979605620941095
2023-10-27,-0.0003947314269620872,0.028130586336432287
2023-10-28,0.0,0.0
2023-10-29,0.0,0.0
2023-10-30,-0.004201322675693841,-0.07414415938657903
2023-10-31,0.005272435663527536,-0.0850340803068641
2023-11-01,0.002073018695394476,-0.07258246473530162
2023-11-02,-0.006939630507543495,-0.07442726548610695
2023-11-03,-0.0106054630379305,-0.04907756227614069
2023-11-04,0.0,0.0
2023-11-05,0.0,0.0
2023-11-06,0.0017817251663130433,-0.0013422487895297923
2023-11-07,0.0031081199344613194,-0.005387213140145018
2023-11-08,0.0007114751538961319,-0.024608255254246005
2023-11-09,0.0031435322098138587,0.05650461608727744
2023-11-10,-0.0005200851717903351,-0.0760719583592971
2023-11-11,0.0,0.0
2023-11-12,0.0,0.0
2023-11-13,-0.0021019960151703564,0.04079377559244869
2023-11-14,-0.01524312692283185,-0.04149975718963313
2023-11-15,0.003439483378686926,0.0014114651359527655
2023-11-16,-0.0003069351336383955,0.009824597595796142
2023-11-17,-0.004211011859382144,-0.03698853423681578
2023-11-18,0.0,0.0
2023-11-19,0.0,0.0
2023-11-20,-0.0046158375756125145,-0.028667920069603205
2023-11-21,0.0012767686510980663,-0.004484272494152975
2023-11-22,0.003628046674356931,-0.03817257239318107
2023-11-23,0.0,0.0
2023-11-24,-0.0050306543075540715,-0.030820324606726717
2023-11-25,0.0,0.0
2023-11-26,0.0,0.0
2023-11-27,-0.0019281868053511839,0.018290732238712026
2023-11-28,-0.004432497217924094,0.0
2023-11-29,0.0002630018439035964,0.022595427349522586
2023-11-30,0.007297308389466312,-0.004633171749536714
2023-12-01,-0.002206908549907042,-0.02270155883612137
2023-12-02,0.0,0.0
2023-12-03,0.0,0.0
2023-12-04,0.004322102048206585,0.035009394772744014
2023-12-05,0.0033519219489035685,-0.017740499168593812
2023-12-06,0.0010859907938729502,0.009295177888952625
2023-12-07,-0.005818600194318174,0.006915137061659103
2023-12-08,0.004617202604015987,-0.05589806201597742
2023-12-09,0.0,0.0
2023-12-10,0.0,0.0
2023-12-11,0.0007786825477068935,0.02241885146121545
2023-12-12,-0.0021645304925610423,-0.0453519355978245
2023-12-13,-0.009589426771095508,0.009892899244538716
2023-12-14,-0.00886773709955816,0.02351141719134706
2023-12-15,0.0059465188596375205,-0.016155425287520307
2023-12-16,0.0,0.0
2023-12-17,0.0,0.0
2023-12-18,-0.00011696093540429602,0.0225452934750457
2023-12-19,-0.007243199555713106,-0.002391446852206076
2023-12-20,0.0023941150159915723,0.0870779087201619
2023-12-21,-0.005522907301912486,-0.00146416263251253
2023-12-22,-0.0013805559309381407,-0.04648512304109971
2023-12-23,0.0,0.0
2023-12-24,0.0,0.0
2023-12-25,0.0,0.0
2023-12-26,-0.002311785806799202,-0.003074557580709151
2023-12-27,-0.0044607669012374914,-0.04406688298848868
2023-12-28,0.002569893150831692,0.0032128510314720048
2023-12-29,0.001148818239290772,-0.0016051735149952427
2023-12-30,0.0,0.0
2023-12-31,0.0,0.0
2024-01-01,0.0,0.0
2024-01-02,0.008496005367329808,0.05849620755206713
2024-01-03,0.0029791468451152523,0.06169358073792997
2024-01-04,-0.0005872613887377879,0.006389808914936812
2024-01-05,-5.8789933611694724e-05,-0.056783791374811314
2024-01-06,0.0,0.0
2024-01-07,0.0,0.0
2024-01-08,-0.0019700031335504217,-0.020432073224587316
2024-01-09,0.003486529120262301,-0.024769044342090738
2024-01-10,-0.0019963870379655947,-0.005501047194517584
2024-01-11,-0.0005487374690626597,-0.019897195079787117
2024-01-12,0.001244020236046749,0.02068492486626542
2024-01-13,0.0,0.0
2024-01-14,0.0,0.0
2024-01-15,0.0,0.0
2024-01-16,0.009363651066121479,0.08596098276860784
2024-01-17,0.0009112319444982743,0.06638831292880744
2024-01-18,0.001026498307062656,-0.04565106934788655
2024-01-19,-0.0023548323924219377,-0.06053615522690582
2024-01-20,0.0,0.0
2024-01-21,0.0,0.0
2024-01-22,0.0004752576393578905,-0.008305114652697272
2024-01-23,0.002750381513399711,-0.0497382541401881
2024-01-24,-0.003516736822522567,0.04594035840873762
2024-01-25,0.0032072395943841116,0.023318052682289685
2024-01-26,-0.0013165437647564633,-0.014227089848027405
2024-01-27,0.0,0.0
2024-01-28,0.0,0.0
2024-01-29,0.001809745828581749,0.02531781877246082
2024-01-30,-0.0019938573724631163,-0.021554156857807188
2024-01-31,-0.0012214932380151039,0.07523430485544266
2024-02-01,-0.002107149616585841,-0.03330100546520483
2024-02-02,0.00879737961825505,-0.0021637031473935022
2024-02-03,0.0,0.0
2024-02-04,0.0,0.0
2024-02-05,0.0051706219773474255,-0.01308160385930721
2024-02-06,-0.0024089753277924016,-0.04564950033878034
2024-02-07,-0.0014520374320305248,-0.0177679832971823
2024-02-08,0.0011541279179898883,-0.003122560072828968
2024-02-09,-0.0004230769463141685,0.010886603777725256
2024-02-10,0.0,0.0
2024-02-11,0.0,0.0
2024-02-12,0.0005191391794624253,0.07449459331360889
2024-02-13,0.007688050820488606,0.129124714691257
2024-02-14,-0.002272479658487173,-0.09733116413954025
2024-02-15,-0.003946163104708367,-0.02606698356529103
2024-02-16,-0.00017273797234028162,0.016283513224718212
2024-02-17,0.0,0.0
2024-02-18,0.0,0.0
2024-02-19,0.0,0.0
2024-02-20,-0.0019600542810405902,0.0796104831722431
2024-02-21,-0.0006348960037123602,-0.005201567196740504
2024-02-22,-0.00035615859905777997,-0.05356033640438439
2024-02-23,-0.0001540319858507597,-0.055864645369204845
2024-02-24,0.0,0.0
2024-02-25,0.0,0.0
2024-02-26,-0.001040428865752377,-0.0007275539764438033
2024-02-27,7.713589499170692e-05,-0.022820236877551976
2024-02-28,0.0013964612398286826,0.03007192795607551
2024-02-29,0.0018653695773980415,-0.03230828272568495
2024-03-01,-0.002876387569449981,-0.021879406901220082
2024-03-02,0.0,0.0
2024-03-03,0.0,0.0
2024-03-04,-0.00020237042508759314,0.028573381665131348
2024-03-05,-0.00024094256966988736,0.06943756611583544
2024-03-06,-0.004172419893269397,0.0027624300578069465
2024-03-07,-0.0053276653167261484,-0.004146545021177181
2024-03-08,-0.0008176738608419996,0.020562766827898746
2024-03-09,0.0,0.0
2024-03-10,0.0,0.0
2024-03-11,0.0015957367862012432,0.03204549874488908
2024-03-12,0.0007969515765090055,-0.0950474087634793
2024-03-13,-0.0016334400332925984,-0.006524137102079705
2024-03-14,0.00558935629007443,0.04618935597842095
2024-03-15,0.0006964595715979221,0.0006942193314017042
2024-03-16,0.0,0.0
2024-03-17,0.0,0.0
2024-03-18,0.00045435234920565456,-0.005567162906393808
2024-03-19,0.00022230664805020838,-0.036238440258669194
2024-03-20,-0.0042415552151925445,-0.05809524268421433
2024-03-21,0.005998728780547569,-0.009245049313565831
2024-03-22,0.004917198181608561,0.01077765171864044
2024-03-23,0.0,0.0
2024-03-24,0.0,0.0
2024-03-25,-0.0023353302380373525,0.009904778937777805
2024-03-26,0.000548267011909654,0.003783598305736472
2024-03-27,0.0007017921141890009,-0.03536110516659866
2024-03-28,0.001967948118049247,0.017836882062060327
2024-03-29,0.0,0.0
2024-03-30,0.0,0.0
2024-03-31,0.0,0.0
2024-04-01,0.0047361294977877775,0.04802118356729221
2024-04-02,-0.0019300377897157963,0.067966708578978
2024-04-03,-0.005418094633083685,-0.019350965747437027
2024-04-04,-0.001019806978326433,0.13187268415873488
2024-04-05,0.0017310888707474732,-0.019765911218254613
2024-04-06,0.0,0.0
2024-04-07,0.0,0.0
2024-04-08,-0.0016251989999328336,-0.05382472047334399
2024-04-09,0.00019243824937352876,-0.013921341452394936
2024-04-10,0.010614938266765317,0.053294004573997446
2024-04-11,0.0003141889223629313,-0.0579778335620304
2024-04-12,0.007283221332107116,0.14925221979285147
2024-04-13,0.0,0.0
2024-04-14,0.0,0.0
2024-04-15,0.0015672982935054506,0.10518719746045613
2024-04-16,0.0006319003681398234,-0.04412089191313539
2024-04-17,-0.002841940448657197,-0.0103798004194502
2024-04-18,0.002059093386404397,-0.01159908556727462
2024-04-19,1.886058457479085e-05,0.03868633345731804
2024-04-20,0.0,0.0
2024-04-21,0.0,0.0
2024-04-22,-0.0006701288560134239,-0.09938037060315114
2024-04-23,-0.0038597022833410976,-0.07665418074960349
2024-04-24,0.00184654487901022,0.01768843894684457
2024-04-25,-0.0023585081063804817,-0.03829442884280131
2024-04-26,0.0033419780711404635,-0.022369364106276213
2024-04-27,0.0,0.0
2024-04-28,0.0,0.0
2024-04-29,-0.0033704120810689174,-0.024243588642927014
2024-04-30,0.006164109350418979,0.0646662952555313
2024-05-01,-0.0044585591990016936,-0.016752922452140707
2024-05-02,-0.004269305733896829,-0.047231926184048624
2024-05-03,-0.0024750806120172985,-0.08453739072202385
2024-05-04,0.0,0.0
2024-05-05,0.0,0.0
2024-05-06,9.525971999148713e-06,0.0
2024-05-07,0.003624836455980892,-0.019461709726451316
2024-05-08,0.0011958606187976555,-0.01753758606489831
2024-05-09,-0.0030590080135992808,-0.02413510880196279
2024-05-10,0.0006753577659007749,-0.011093567883784123
2024-05-11,0.0,0.0
2024-05-12,0.0,0.0
2024-05-13,-0.0006848669707931773,0.08034914001546085
2024-05-14,-0.002009558428239927,-0.01332368356262233
2024-05-15,-0.006503966584784389,-0.07502552963798116
2024-05-16,0.00127546189674886,-0.0024125249424848958
2024-05-17,-0.0001437583750322751,-0.03523513269813369
2024-05-18,0.0,0.0
2024-05-19,0.0,0.0
2024-05-20,0.0012452442132872318,0.013256188439843044
2024-05-21,0.000918596458356774,-0.02415777376824821
2024-05-22,0.0026743996759286586,0.03561455585241666
2024-05-23,0.0019059677957313087,0.038312785417210074
2024-05-24,-0.0037963991310189624,-0.06804244420089088
2024-05-25,0.0,0.0
2024-05-26,0.0,0.0
2024-05-27,0.0,0.0
2024-05-28,-0.0009465575078023245,0.07972024256920057
2024-05-29,0.004723853189831067,0.10008343395238209
2024-05-30,-0.003586210870520638,0.013217620885411141
2024-05-31,-0.0002962298377307944,-0.11330105483779303
2024-06-01,0.0,0.0
2024-06-02,0.0,0.0
2024-06-03,-0.005260987835666878,0.014598767328195265
2024-06-04,-0.0002594585732200727,0.0038066427145914943
2024-06-05,0.0016324633566450726,-0.04110696887890819
2024-06-06,-0.0015748326643703387,-0.003966700215845242
2024-06-07,0.00763965709815599,-0.029034269612359307
2024-06-08,0.0,0.0
2024-06-09,0.0,0.0
2024-06-10,0.002447968296089151,0.041672656583176315
2024-06-11,0.0008273270731371204,0.008597208849178589
2024-06-12,-0.005566846396026696,-0.06510940431526682
2024-06-13,0.0054527604971991925,-0.008340363891643488
2024-06-14,0.0033977000409767515,0.058553331842595924
2024-06-15,0.0,0.0
2024-06-16,0.0,0.0
2024-06-17,0.0001800474799678623,0.007083866941161012
2024-06-18,-0.006538737724386539,-0.035931993719163995
2024-06-19,0.0,0.0
2024-06-20,0.003341201759527918,0.07665984605542543
2024-06-21,0.0020506336501556264,-0.006042308797982368
2024-06-22,0.0,0.0
2024-06-23,0.0,0.0
2024-06-24,-0.0030584415438303795,0.009800313324426333
2024-06-25,0.0013119165782996445,-0.03745181832153353
2024-06-26,0.004313299881929297,-0.022844629369817324
2024-06-27,-0.0013536007404036775,-0.025011422391106403
2024-06-28,-0.00024631934125967075,0.016207795195103535
2024-06-29,0.0,0.0
2024-06-30,0.0,0.0
2024-07-01,0.0003978536480822254,-0.017843077984553226
2024-07-02,-0.0017062129969594687,-0.015670467805554818
2024-07-03,-0.0031355777181454334,0.0049751694580224505
2024-07-04,0.0,0.0
2024-07-05,-0.005047185030452694,0.03174864901379818
2024-07-06,0.0,0.0
2024-07-07,0.0,0.0
2024-07-08,0.0011471662029466463,-0.00885314910859194
2024-07-09,0.0013271269638732946,0.011254165621822165
2024-07-10,-0.0007445301520702587,0.026815498252858803
2024-07-11,-0.005726335602119898,0.005432663231971264
2024-07-12,-0.003347537039791505,-0.03625298783869786
2024-07-13,0.0,0.0
2024-07-14,0.0,0.0
2024-07-15,0.0009535228362697991,0.05161425837245012
2024-07-16,0.000740911099017227,0.005321160122665793
2024-07-17,-0.004975843086410508,0.09330942042807858
2024-07-18,0.004263794626460786,0.09543578773519976
2024-07-19,0.002182699402501818,0.03636765272324057
2024-07-20,0.0,0.0
2024-07-21,0.0,0.0
2024-07-22,-0.0007206083213452221,-0.10253967725977965
2024-07-23,0.0013255768617262762,-0.012824987101443355
2024-07-24,-0.0005089022286119692,0.20338443394305505
2024-07-25,-0.0001344661072875832,0.023014614095178493
2024-07-26,-0.00047081047449894263,-0.11893482396303547
2024-07-27,0.0,0.0
2024-07-28,0.0,0.0
2024-07-29,0.0024475820645852306,0.0127313628261293
2024-07-30,4.7904725920074717e-05,0.06359682001889519
2024-07-31,-0.004419293393393331,-0.07816016987934357
2024-08-01,0.0033259091948507837,0.1277844414592625
2024-08-02,-0.011747663871500622,0.22968474456012028
2024-08-03,0.0,0.0
2024-08-04,0.0,0.0
2024-08-05,-0.004915518672640402,0.5001662098063427
2024-08-06,0.0026797928662089018,-0.33068143847259307
2024-08-07,0.0023328405252508594,0.0050396542353046
2024-08-08,0.00023300723042587516,-0.15756761727201954
2024-08-09,-0.0006311560142672741,-0.1552020913603775
2024-08-10,0.0,0.0
2024-08-11,0.0,0.0
2024-08-12,3.882907515696738e-05,0.016553359762280576
2024-08-13,-0.005658907321139558,-0.1336002842703326
2024-08-14,4.8884163098609645e-05,-0.11262254625371607
2024-08-15,0.0041229195786525764,-0.06112666382606371
2024-08-16,-0.0048850688854318244,-0.028639943192801342
2024-08-17,0.0,0.0
2024-08-18,0.0,0.0
2024-08-19,-0.005645986760636845,-0.010186884233373378
2024-08-20,-0.0042555272112282565,0.08062015360140999
2024-08-21,-0.003847508319277317,0.0242624863407933
2024-08-22,0.004834182873869632,0.07573095707315049
2024-08-23,-0.00785132369986466,-0.10125371187992283
2024-08-24,0.0,0.0
2024-08-25,0.0,0.0
2024-08-26,0.0013409142125914292,0.018119831488631097
2024-08-27,-0.002842955896146221,-0.04560633989509915
2024-08-28,0.005311596627840023,0.10334943742316474
2024-08-29,0.0027687033102669844,-0.0891922309652149
2024-08-30,0.0034895489306989882,-0.04242069150888939
2024-08-31,0.0,0.0
2024-09-01,0.0,0.0
2024-09-02,0.0,0.0
2024-09-03,0.001396315595780604,0.32304918314980957
2024-09-04,-0.004579741145068329,0.02854620073156293
2024-09-05,-0.0022434105012024575,-0.06892587242246898
2024-09-06,0.0006824376629362995,0.11744795282340663
2024-09-07,0.0,0.0
2024-09-08,0.0,0.0
2024-09-09,0.0037007656761480615,-0.14032055609438693
2024-09-10,0.0007877452908632927,-0.019206447268627507
2024-09-11,0.0005903644793680625,-0.07564112366000925
2024-09-12,-0.0030244910131409803,-0.035677019433049094
2024-09-13,-0.002281761612067443,-0.030332402221190383
2024-09-14,0.0,0.0
2024-09-15,0.0,0.0
2024-09-16,-0.004052942993877733,0.034424760852599955
2024-09-17,-0.0014308291719603023,0.02705207960763049
2024-09-18,-0.002837991274884747,0.034601606412624705
2024-09-19,0.0003888422999876554,-0.11006466126974973
2024-09-20,0.0010161936243914685,-0.011083876262113658
2024-09-21,0.0,0.0
2024-09-22,0.0,0.0
2024-09-23,0.0013633099600731393,-0.01623002389340957
2024-09-24,-0.003995650852926903,-0.03197203199588042
2024-09-25,0.004631914109286999,0.0012986692711907113
2024-09-26,-0.0037636162002449712,-0.0025990893253781478
2024-09-27,-0.0013675831065338149,0.09844002627741914
2024-09-28,0.0,0.0
2024-09-29,0.0,0.0
2024-09-30,0.004107093979914885,-0.013654088745303506
2024-10-01,0.0040704147063468955,0.14082693061688473
2024-10-02,0.004882526541593019,-0.018868516371758504
2024-10-03,0.0031991851413814493,0.08077504919837848
2024-10-04,0.005146454412131089,-0.06450602195882109
2024-10-05,0.0,0.0
2024-10-06,0.0,0.0
2024-10-07,0.00025419380758757217,0.16428729725442004
2024-10-08,1.9539220436451167e-05,-0.05539315779457915
2024-10-09,0.003824415523081307,-0.02649158974936285
2024-10-10,0.000759270860224851,0.0033500722066421977
2024-10-11,-0.0009345405328274772,-0.022711835262393478
2024-10-12,0.0,0.0
2024-10-13,0.0,0.0
2024-10-14,0.003936637493735591,-0.037853041304464326
2024-10-15,-0.0002619658505227212,0.0466122365702319
2024-10-16,0.0033421475748268846,-0.052722277836225274
2024-10-17,0.002434161692884258,-0.024296843014801575
2024-10-18,-0.0033340085803329196,-0.058174714892312955
2024-10-19,0.0,0.0
2024-10-20,0.0,0.0
2024-10-21,0.005088336613715231,0.018681869613305074
2024-10-22,0.0007220166539074391,-0.009297308909531486
2024-10-23,0.003535340837490195,0.05556979733891606
2024-10-24,-0.0034390868537691388,-0.008350771319909273
2024-10-25,0.002047624263082325,0.06345696186597276
2024-10-26,0.0,0.0
2024-10-27,0.0,0.0
2024-10-28,0.0004895938695520688,-0.026415724719285466
2024-10-29,7.681606002788897e-05,-0.023506401253288445
2024-10-30,-0.0031626811667196347,0.05090543271914016
2024-10-31,0.00015402753950284417,0.12934571548232596
2024-11-01,0.003123830046242651,-0.056853706918779355
2024-11-02,0.0,0.0
2024-11-03,0.0,0.0
2024-11-04,-0.003971312008804366,0.004559988951510874
2024-11-05,-0.004499977866412316,-0.07019597706871061
2024-11-06,0.015947830691570866,-0.2306140017140018
2024-11-07,-0.005875184475536037,-0.06802753406250556
2024-11-08,0.004969872006765182,-0.017253263686007284
2024-11-09,0.0,0.0
2024-11-10,0.0,0.0
2024-11-11,0.005391117683903721,0.0020060646512555826
2024-11-12,0.0046639620721047464,-0.017520679062518398
2024-11-13,0.004040912441158725,-0.04804262294940944
2024-11-14,0.0020565774699379214,0.020473708634473634
2024-11-15,0.00015944891968127544,0.12034200213404177
2024-11-16,0.0,0.0
2024-11-17,0.0,0.0
2024-11-18,-0.003890703690069065,-0.035312589480033366
2024-11-19,-0.0005462707707235307,0.04823988512905712
2024-11-20,0.004446348807920401,0.04835316449300409
2024-11-21,0.0029408485340836135,-0.0170441388627829
2024-11-22,0.005381579303650576,-0.10161341106495818
2024-11-23,0.0,0.0
2024-11-24,0.0,0.0
2024-11-25,-0.006879040176776773,-0.042901980397652965
2024-11-26,0.0018527892454691455,-0.03484673040364113
2024-11-27,-0.00863795699672428,0.0
2024-11-28,0.0,0.0
2024-11-29,-0.0020766266206357566,-0.04274465552494485
2024-11-30,0.0,0.0
2024-12-01,0.0,0.0
2024-12-02,0.005606523892836771,-0.012663116987917826
2024-12-03,-0.0007802126319112835,-0.0030030023571751023
2024-12-04,-0.0004702574794753379,0.011215042298142144
2024-12-05,-0.005556896658096283,0.006669172799957789
2024-12-06,0.0031926452860558856,-0.058549558775524854
2024-12-07,0.0,0.0
2024-12-08,0.0,0.0
2024-12-09,0.000810679844576365,0.1054387557094042
2024-12-10,0.0024187806039628196,-0.0007049189751089158
2024-12-11,0.00293786875785082,-0.04323442611310599
2024-12-12,0.002471286043359757,0.024728543874720992
2024-12-13,0.00031779635597595766,-0.007933662580970936
2024-12-14,0.0,0.0
2024-12-15,0.0,0.0
2024-12-16,0.0003457811983807891,0.06177396381481069
2024-12-17,-0.003434807172812403,0.07726356570616974
2024-12-18,0.010130102878213785,0.554109651038965
2024-12-19,0.0037331957160840127,-0.13674335540527865
2024-12-20,-0.007433828738352923,-0.2716224045249631
2024-12-21,0.0,0.0
2024-12-22,0.0,0.0
2024-12-23,0.004238763797490904,-0.08998667647636226
2024-12-24,0.0020016076379852006,-0.1620282783920423
2024-12-25,0.0,0.0
2024-12-26,-0.001204217365108968,0.031726735830086665
2024-12-27,-0.0009365318249296132,0.07957261787497986
2024-12-28,0.0,0.0
2024-12-29,0.0,0.0
2024-12-30,0.001307209284112324,0.08701136702438074
2024-12-31,0.003357545099530333,-0.002877655917339942
2025-01-01,0.0,0.0
2025-01-02,0.008395277240522473,0.032882776257846205
2025-01-03,-0.0037705542205598306,-0.10579446452967473
2025-01-04,0.0,0.0
2025-01-05,0.0,0.0
2025-01-06,-0.0064269638238583175,-0.005595180591635829
2025-01-07,0.002559145073547649,0.10523574540106705
2025-01-08,0.005043674391106037,-0.006756722233491995
2025-01-09,0.000715783081849984,0.0
2025-01-10,0.004421257641836975,0.09889901078493853
2025-01-11,0.0,0.0
2025-01-12,0.0,0.0
2025-01-13,0.0029639641962722965,-0.018074355619041128
2025-01-14,-0.006413227223053473,-0.02533124649612117
2025-01-15,-0.0017796069686329813,-0.14899730221337662
2025-01-16,-0.0009093617364628166,0.029341929202495187
2025-01-17,0.0035409777329951375,-0.03869073939502857
2025-01-18,0.0,0.0
2025-01-19,0.0,0.0
2025-01-20,0.0,0.0
2025-01-21,-0.012365200579263368,-0.05866972871283094
2025-01-22,0.0009359329922324052,0.00265251884903248
2025-01-23,-0.0009174009663447443,-0.0053120922708438005
2025-01-24,-0.005745931450332837,-0.0113827858760249
2025-01-25,0.0,0.0
2025-01-26,0.0,0.0
2025-01-27,-0.0007928834344813424,0.18680080059864573
2025-01-28,0.004868634514905106,-0.08690979573202155
2025-01-29,0.0011694120146824565,0.00909922090372748
2025-01-30,-0.0016524456795293308,-0.044451720687903346
2025-01-31,0.005429817329548922,0.0365705546041249
2025-02-01,0.0,0.0
2025-02-02,0.0,0.0
2025-02-03,0.00608029757313678,0.12512736629705268
2025-02-04,-0.009727818929747454,-0.0787457598944896
2025-02-05,-0.0035397960932874594,-0.08738112702359498
2025-02-06,0.0009767545005713633,-0.017269406077245503
2025-02-07,0.003536417062507532,0.06494172102266113
2025-02-08,0.0,0.0
2025-02-09,0.0,0.0
2025-02-10,0.0024523255006307022,-0.045139067185260916
2025-02-11,-0.0033329408680390633,0.013195292452123142
2025-02-12,-9.276010238293679e-05,-0.008147968059884936
2025-02-13,-0.005645452563530255,-0.05099523307106497
2025-02-14,-0.005996589093657042,-0.022096641547685265
2025-02-15,0.0,0.0
2025-02-16,0.0,0.0
2025-02-17,0.0,0.0
2025-02-18,0.0035592683571925585,0.038517371348564894
2025-02-19,0.001009276934106832,-0.0052253496761387255
2025-02-20,-0.007443890380727412,0.02521953161034285
2025-02-21,0.002349757708381848,0.15086116264458116
2025-02-22,0.0,0.0
2025-02-23,0.0,0.0
2025-02-24,-9.38327999041119e-05,0.0414149256001298
2025-02-25,-0.0026418161716371675,0.02343251003220151
2025-02-26,0.0009503856582366065,-0.017129924070949657
2025-02-27,0.007934283001496458,0.10100543688551947
2025-02-28,0.0035578581470626135,-0.07363482637456453
2025-03-01,0.0,0.0
2025-03-02,0.0,0.0
2025-03-03,-0.00829965460026957,0.14882402262573163
2025-03-04,-0.009248707646713148,0.031542884125980525
2025-03-05,-0.013670827614737546,-0.06957029594178706
2025-03-06,-0.0021509421078575296,0.12580671521442058
2025-03-07,-0.0020785556153098284,-0.062209107098641185
2025-03-08,0.0,0.0
2025-03-09,0.0,0.0
2025-03-10,0.0013573652134909622,0.17573880579798784
2025-03-11,-0.006562909361599762,-0.03432248264884234
2025-03-12,0.0030358271445084526,-0.10527799167462569
2025-03-13,0.002343144068327697,0.017590975612529973
2025-03-14,-0.0012046162132643013,-0.12464959527480426
2025-03-15,0.0,0.0
2025-03-16,0.0,0.0
2025-03-17,-0.00226862032270773,-0.05962031302991277
2025-03-18,-0.005601849590201954,0.056399712461100135
2025-03-19,0.001951638143796253,-0.08659258314379967
2025-03-20,0.003911126732659576,-0.005037813392920534
2025-03-21,0.002383715181978,-0.02661357437140071
2025-03-22,0.0,0.0
2025-03-23,0.0,0.0
2025-03-24,0.001848938441758168,-0.09801098075725649
2025-03-25,-0.00101070658324667,-0.019059192670720065
2025-03-26,0.0036147228530446123,0.06654090632055273
2025-03-27,-0.002065370595429497,0.019449592352613707
2025-03-28,-0.002725045246572858,0.14701678678666774
2025-03-29,0.0,0.0
2025-03-30,0.0,0.0
2025-03-31,0.0016764002410512384,0.028684009049351394
2025-04-01,0.0006350731810386086,-0.02315654960427546
2025-04-02,-0.004415743721209589,-0.012014942353369648
2025-04-03,-0.016523657444205374,0.33334588753358263
2025-04-04,0.009513029531717475,0.41166394753389157
2025-04-05,0.0,0.0
2025-04-06,0.0,0.0
2025-04-07,0.0019831092577655986,0.03619418049913722
2025-04-08,-0.002635288876676291,0.1078478858876829
2025-04-09,-0.000759729062311919,-0.4424487591644147
2025-04-10,-0.01981042748899782,0.19159830601000538
2025-04-11,-0.0071620771109431195,-0.08077971131758639
2025-04-12,0.0,0.0
2025-04-13,0.0,0.0
2025-04-14,-0.0049676212081514225,-0.19550720373103703
2025-04-15,0.005668129569162239,-0.025243056376930972
2025-04-16,-0.0082268640261111,0.08034908060172265
2025-04-17,-0.00014121952976438228,-0.09607639881843322
2025-04-18,0.0,0.0
2025-04-19,0.0,0.0
2025-04-20,0.0,0.0
2025-04-21,-0.011005665636523762,0.13159022186892783
2025-04-22,0.006567304493909581,-0.10103320852701309
2025-04-23,0.009539912072961582,-0.07187093853069917
2025-04-24,-0.004708186775338902,-0.07213619709070049
2025-04-25,0.0008668246647130942,-0.06355672709038389
2025-04-26,0.0,0.0
2025-04-27,0.0,0.0
2025-04-28,-0.004695921533261241,0.012402618169858071
2025-04-29,0.002315351631391149,-0.03974568350601878
2025-04-30,0.0025417478029226394,0.021691076650220915
2025-05-01,0.007866671995432617,-0.004056816076951518
2025-05-02,-0.0021411808395328676,-0.08126296612994292
2025-05-03,0.0,0.0
2025-05-04,0.0,0.0
2025-05-05,-0.0020051836729234555,0.04145667440402979
2025-05-06,-0.005969228894763645,0.04628929034110809
2025-05-07,0.003909684435030296,-0.050103668994564955
2025-05-08,0.010554058994048425,-0.04649978340350906
2025-05-09,-0.0032094297480153642,-0.026139385258591264
2025-05-10,0.0,0.0
2025-05-11,0.0,0.0
2025-05-12,0.014184913909616343,-0.1746796139768351
2025-05-13,-0.0076374597947563095,-0.009287151281461297
2025-05-14,0.00046608759727252,0.021716462775081345
2025-05-15,-0.0014286053525638792,-0.04335388932444697
2025-05-16,0.002152006518658906,-0.03365017563674573
2025-05-17,0.0,0.0
2025-05-18,0.0,0.0
2025-05-19,-0.006539645115623762,0.05088715908092846
2025-05-20,-0.0031059335344361043,-0.002760103198132609
2025-05-21,-0.005435993474201082,0.14295345345940377
2025-05-22,0.004154895200067628,-0.028677548720296264
2025-05-23,-0.008438158298416987,0.0945029758899914
2025-05-24,0.0,0.0
2025-05-25,0.0,0.0
2025-05-26,0.0,0.0
2025-05-27,0.0041827450774933606,-0.16180673993166564
2025-05-28,0.003614286332124073,0.018291620243806275
2025-05-29,-0.005789175829312705,-0.006754983416935554
2025-05-30,0.000503890322182671,-0.032320726435630054
2025-05-31,0.0,0.0
2025-06-01,0.0,0.0
2025-06-02,-0.006306432759049084,-0.011372940494915293
2025-06-03,0.005298398081216564,-0.03717488007439624
2025-06-04,-0.004335702310475805,-0.004532581194009188
2025-06-05,-0.00026338904096804064,0.04822208427528902
2025-06-06,0.004427652059693274,-0.09709743831107769
2025-06-07,0.0,0.0
2025-06-08,0.0,0.0
2025-06-09,-0.002383262409984725,0.022989482036049294
2025-06-10,0.0016567816712846728,-0.01231320633011249
2025-06-11,-0.004714876926037467,0.018123820078471166
2025-06-12,-0.007155017014602116,0.04309057866717449
2025-06-13,0.0028050378301818515,0.14443177094572332
2025-06-14,0.0,0.0
2025-06-15,0.0,0.0
2025-06-16,-0.004839746517476993,-0.08570225833796592
2025-06-17,0.007057732778329532,0.12248154215971634
2025-06-18,0.0007518477981814641,-0.06998547536577875
2025-06-19,0.0,0.0
2025-06-20,-0.0018907719856269141,0.023553662303807992
2025-06-21,0.0,0.0
2025-06-22,0.0,0.0
2025-06-23,-0.002771337790348312,-0.03906558060447963
2025-06-24,-0.005730141439704602,-0.12613859464476823
2025-06-25,-0.0018179092645756328,-0.04206223532916502
2025-06-26,-0.005267119423226994,-0.010194995310435646
2025-06-27,0.002776130883579007,-0.01640878256347104
2025-06-28,0.0,0.0
2025-06-29,0.0,0.0
2025-06-30,-0.005560069196582589,0.0248121568004225
2025-07-01,-0.00026941695116641123,0.005959516032616415
2025-07-02,-0.00039401557231152657,-0.011353604956222913
2025-07-03,0.004067231575264661,-0.01574837152360857
2025-07-04,0.0,0.0
2025-07-05,0.0,0.0
2025-07-06,0.0,0.0
2025-07-07,0.0032892926586386316,0.08257552595110282
2025-07-08,0.00031905462728465097,-0.05666263749048405
2025-07-09,0.00027782362774637394,-0.053142268612983594
2025-07-10,0.0012646564380852856,-0.010088348541556767
2025-07-11,0.0021247087518145753,0.038538013074052885
2025-07-12,0.0,0.0
2025-07-13,0.0,0.0
2025-07-14,0.002396424552705623,0.04762811660654813
2025-07-15,0.005579539200394355,0.010410643373586315
2025-07-16,-0.0023932655660360114,-0.012738986382189699
2025-07-17,0.0037757048395733483,-0.038009289365250935
2025-07-18,-0.0025223371540387353,-0.006680899998967385
2025-07-19,0.0,0.0
2025-07-20,0.0,0.0
2025-07-21,-0.006415762672482113,0.014519297711828362
2025-07-22,-0.004653662088019327,-0.009049812608822908
2025-07-23,-0.0017932188034037995,-0.07094283080176363
2025-07-24,0.001865333179663725,0.001300420054187293
2025-07-25,0.0028274466811208047,-0.03034533816741929
2025-07-26,0.0,0.0
2025-07-27,0.0,0.0
2025-07-28,0.010173990680682409,0.006675554006955608
2025-07-29,0.002557897995342348,0.06128972569359601
2025-07-30,0.00947372411494086,-0.03178907310180721
2025-07-31,0.0015752621772402477,0.07705672799895574
2025-08-01,-0.00818430750976765,0.19794842002607435
2025-08-02,0.0,0.0
2025-08-03,0.0,0.0
2025-08-04,-0.003483283580684473,-0.15121087497900548
2025-08-05,-5.0690566105576435e-05,0.018660417960192417
2025-08-06,-0.006084546596202097,-0.06241192646480223
2025-08-07,0.002507437866001605,-0.011997790110594823
2025-08-08,-0.002242110953351676,-0.08959330624524595
2025-08-09,0.0,0.0
2025-08-10,0.0,0.0
2025-08-11,0.0035850460617240496,0.07009240199988871
2025-08-12,-0.00442206156952233,-0.09820670937817151
2025-08-13,-0.0027097591958851024,-0.016427458860831908
2025-08-14,0.004505350905612709,0.023193410468529695
2025-08-15,-0.0039935589239366515,0.017380131886339675
2025-08-16,0.0,0.0
2025-08-17,0.0,0.0
2025-08-18,0.0031165597111145102,-0.0066489860460745625
2025-08-19,0.0010401457484003843,0.03796266940012624
2025-08-20,-0.0003975704701687858,0.007677573755063991
2025-08-21,0.004384742321855042,0.05637917834187325
2025-08-22,-0.009300995719695587,-0.1547532751891094
2025-08-23,0.0,0.0
2025-08-24,0.0,0.0
2025-08-25,0.007339893920891397,0.03930183098997578
2025-08-26,-0.0019955121982495536,-0.011560827649531319
2025-08-27,5.0927682740475695e-05,0.015609444442969342
2025-08-28,-0.003972128299299205,-0.028690497002423536
2025-08-29,-0.0004911939089215063,0.062457311433302194
2025-08-30,0.0,0.0
2025-08-31,0.0,0.0
2025-09-01,0.0,0.0
2025-09-02,0.006702817650315156,0.11139697398504478
2025-09-03,-0.0026879814438732223,-0.04893575867808498
2025-09-04,0.0022506659148408023,-0.06637507981002318
2025-09-05,-0.005876649657468827,-0.007874048793430689
2025-09-06,0.0,0.0
2025-09-07,0.0,0.0
2025-09-08,-0.003238644459200051,-0.004622038508200846
2025-09-09,0.003484215114413185,-0.004643437577763262
2025-09-10,-5.1123058481459026e-05,0.02040218289932801
2025-09-11,-0.0022430097055582176,-0.042587961678039764
2025-09-12,8.205752722253176e-05,0.0033932974726116655
2025-09-13,0.0,0.0
2025-09-14,0.0,0.0
2025-09-15,-0.0009026901835068174,0.06110270532150231
2025-09-16,-0.012390677209089566,0.041815828481424934
2025-09-17,0.002822000831334799,-0.039905564494527264
2025-09-18,0.0046617656774757075,-0.0012731037820809259
2025-09-19,0.003078610715210771,-0.016051709207089097
2025-09-20,0.0,0.0
2025-09-21,0.0,0.0
2025-09-22,-0.003037384778583526,0.041210304685733154
2025-09-23,-0.0008459440331834128,0.03299010302909157
2025-09-24,0.0064296996332279,-0.028033468221638266
2025-09-25,0.007121962708268679,0.0340251208969369
2025-09-26,-0.003988995772212454,-0.09060203394250499
2025-09-27,0.0,0.0
2025-09-28,0.0,0.0
2025-09-29,-0.0024563783260416984,0.0528617716940319
2025-09-30,-0.0013638911804184813,0.009876613611529673
2025-10-01,-0.0007185647153867623,0.00061407606411764
2025-10-02,0.0016314737625611464,0.020656763924054484
2025-10-03,-0.0012823473720120129,0.0012019507755499145
2025-10-04,0.0,0.0
2025-10-05,0.0,0.0
2025-10-06,0.004015928713010935,-0.01695975086576718
2025-10-07,0.004865071079923284,0.05178180930974778
2025-10-08,0.003615640579418808,-0.05606719095272428
2025-10-09,0.00651768645539452,0.007943889616864368
2025-10-10,-0.00558540756530041,0.2763582839046803
2025-10-11,0.0,0.0
2025-10-12,0.0,0.0
2025-10-13,0.0030136906480971236,-0.1294505171378362
2025-10-14,-0.002224032707829477,0.08941689735171127
2025-10-15,-0.0027260805549446645,-0.008202703699968842
2025-10-16,-0.004566865892696142,0.20396864241431076
2025-10-17,0.0010189162705772732,-0.1972085347417192
2025-10-18,0.0,0.0
2025-10-19,0.0,0.0
2025-10-20,0.001658657192760237,-0.13092245513454456
2025-10-21,0.003612957710128021,-0.019945187445519826
2025-10-22,-0.0003850566974173886,0.04003822509368809
2025-10-23,0.0005673677004766381,-0.07245514382509456
2025-10-24,0.00018235503385578085,-0.055256014753595165
2025-10-25,0.0,0.0
2025-10-26,0.0,0.0
2025-10-27,-0.0018650667113500148,-0.03607361679793433
2025-10-28,-0.0011166668511155826,0.03912328281902929
2025-10-29,0.005762773021801736,0.029996250016490023
2025-10-30,0.003286753923310549,-0.0005912048002166111
2025-10-31,0.0028344628447742885,0.030861295216443967
2025-11-01,0.0,0.0
2025-11-02,0.0,0.0
2025-11-03,0.0007725959918358879,-0.015602769750574097
2025-11-04,0.003634045571962542,0.10127529981361154
2025-11-05,-0.0001099449559627158,-0.05351180726997863
2025-11-06,-0.004748451450972698,0.07948729367323931
2025-11-07,-0.0011453905000483535,-0.021773803548195268
2025-11-08,0.0,0.0
2025-11-09,0.0,0.0
2025-11-10,-9.050972552360205e-05,-0.08074173830298362
2025-11-11,-0.0014689364023369857,-0.018349120606183555
2025-11-12,0.0005838105406537038,0.01322235625691449
2025-11-13,-0.0032657116037158197,0.13296011418473802
2025-11-14,0.0015031044135423014,-0.008536334869686694
2025-11-15,0.0,0.0
2025-11-16,0.0,0.0
2025-11-17,0.0029091150785909396,0.12097172670021604
2025-11-18,-0.00039209866477780964,0.09823065960309084
2025-11-19,0.007034132053154097,-0.042612472886562745
2025-11-20,-0.000609312192582294,0.1103354498808654
2025-11-21,0.00022979301162246569,-0.12010403643720817
2025-11-22,0.0,0.0
2025-11-23,0.0,0.0
2025-11-24,-0.0004096247699304628,-0.13261722293396586
2025-11-25,-0.004838227416504862,-0.10039134402734166
2025-11-26,-0.0006729283252704627,-0.07668084812071645
2025-11-27,0.0,0.0
2025-11-28,-0.0011461926787004078,-0.050099929787937765
2025-11-29,0.0,0.0
2025-11-30,0.0,0.0
2025-12-01,-0.00046282257108017473,0.05300433128459449
2025-12-02,-0.0006644775994062618,-0.03843213855940299
2025-12-03,-0.005048170283003568,-0.03122385439376344
2025-12-04,0.001587925527950052,-0.018832960510421614
2025-12-05,0.0001515694573021571,-0.023726659065600814
2025-12-06,0.0,0.0
2025-12-07,0.0,0.0
2025-12-08,0.0009392028146645156,0.07799398814961006
2025-12-09,0.0013820412977003193,0.016076586591024407
2025-12-10,-0.004344190321266828,-0.07097778416833754
2025-12-11,-0.004302088423552976,-0.06010953906554096
2025-12-12,0.0005082436916421985,0.05820533751093889
2025-12-13,0.0,0.0
2025-12-14,0.0,0.0
2025-12-15,-0.002299508841583908,0.047155152458690654
2025-12-16,-0.0038170768543059983,-0.0012128842021314815
2025-12-17,0.002124663056245383,0.06688717143322019
2025-12-18,0.0008771333803456814,-0.04349772183265853
2025-12-19,0.001670586798867192,-0.12350482776224771
2025-12-20,0.0,0.0
2025-12-21,0.0,0.0
2025-12-22,-0.003037590575036344,-0.057276773231425014
2025-12-23,-0.003487334378705161,-0.0056980156960337435
2025-12-24,0.0006963941201623603,-0.038592319369021244
2025-12-25,0.0,0.0
2025-12-26,0.00017400325776759025,0.00960481054501314
2025-12-27,0.0,0.0
2025-12-28,0.0,0.0
2025-12-29,0.00034799377491513954,0.04317213038393171
2025-12-30,0.002279146439210115,0.009113285340826614
2025-12-31,0.0009387174266479493,0.04235605056250149
2026-01-01,0.0,0.0
2026-01-02,0.0011314704126558098,-0.029873204408338686
2026-01-03,0.0,0.0
2026-01-04,0.0,0.0
2026-01-05,-0.0017945846928486089,0.026523104679246158
2026-01-06,0.003413154458706826,-0.010118104563589088
2026-01-07,0.001067360699750106,0.04182488873256102
2026-01-08,0.002699067834105013,0.004541019480065979
2026-01-09,0.002044720738046911,-0.06415025046171281
2026-01-10,0.0,0.0
2026-01-11,0.0,0.0
2026-01-12,-0.0026732021479476576,0.04255962264580009
2026-01-13,0.0028652879808193903,0.05531954850954804
2026-01-14,-2.0209704222280814e-05,0.047060346578984245
2026-01-15,0.0021714400668128575,-0.055859862251721834
2026-01-16,0.0007966272790562008,0.0012617985402639538
2026-01-17,0.0,0.0
2026-01-18,0.0,0.0
2026-01-19,0.0,0.0
2026-01-20,-0.007710961203820172,0.23642199186244148
2026-01-21,0.0012588761695994947,-0.17290858706520473
2026-01-22,-0.003934161756096554,-0.07748184228810683
2026-01-23,-0.007894541119840998,0.02836621341894342
2026-01-24,0.0,0.0
2026-01-25,0.0,0.0
2026-01-26,-0.005631583400669741,0.003722055560557878
2026-01-27,-0.008356360815795211,0.012307894626495038
2026-01-28,0.002318987831864431,0.0
2026-01-29,-0.0014240460112302123,0.0319015187754475
2026-01-30,0.007482056436900164,0.03263700965321155
2026-01-31,0.0,0.0
2026-02-01,0.0,0.0
2026-02-02,0.006513965459247549,-0.0651503503332419
2026-02-03,-0.0019609978245557877,0.09675565912600367
2026-02-04,0.0019302424983941055,0.034938018617097645
2026-02-05,0.002172222704389147,0.15522311976046374
2026-02-06,-0.0019978767828594626,-0.06646962483553287
2026-02-07,0.0,0.0
2026-02-08,0.0,0.0
2026-02-09,-0.008424544537703863,-0.15989452704748955
2026-02-10,-0.00013446717166839525,0.024467808750071016
2026-02-11,0.00047568325726226284,-0.007900791374484802
2026-02-12,0.0011985795383768329,0.16517828676271432
2026-02-13,-0.00018587332089411358,-0.010622954215521119
2026-02-14,0.0,0.0
2026-02-15,0.0,0.0
2026-02-16,0.0,0.0
2026-02-17,0.0024860602882000806,-0.015162895353664012
2026-02-18,0.005763337893665493,-0.03357870204821983
2026-02-19,0.0023941687449560685,0.030617131640092433
2026-02-20,-0.0012885215329275193,-0.05800198282095596
2026-02-21,0.0,0.0
2026-02-22,0.0,0.0
2026-02-23,-0.000900828629508052,0.09583388002012065
2026-02-24,0.0013202718828943677,-0.07202327834451851
2026-02-25,-0.0014841390227226974,-0.08649994276889614
2026-02-26,0.0011772618259021624,0.038297834928636115
2026-02-27,-0.0017920224154089148,0.06393454978365491
2026-02-28,0.0,0.0
2026-03-01,0.0,0.0
2026-03-02,0.007881487059553677,0.07655067176227183
2026-03-03,0.006780086438939553,0.09471634288839889
2026-03-04,-0.002791535444328278,-0.10833481654451038
2026-03-05,0.0058472967081017145,0.115942643024757
2026-03-06,-0.0033285135265276964,0.21646868458519744
2026-03-07,0.0,0.0
2026-03-08,0.0,0.0
2026-03-09,0.0019379400330835801,-0.1453727629014671
2026-03-10,-0.003656934265623537,-0.022606542387607058
2026-03-11,0.004201308717618523,-0.02848039384077295
2026-03-12,0.005317149898602624,0.11892885233233508
2026-03-13,0.006076511502963091,-0.0036710899822637658
2026-03-14,0.0,0.0
2026-03-15,0.0,0.0
2026-03-16,-0.005264830624270087,-0.14542340599858353
